#
# There is insufficient memory for the Java Runtime Environment to continue.
# Native memory allocation (malloc) failed to allocate 1048576 bytes for AllocateHeap
# Possible reasons:
#   The system is out of physical RAM or swap space
#   The process is running with CompressedOops enabled, and the Java Heap may be blocking the growth of the native heap
# Possible solutions:
#   Reduce memory load on the system
#   Increase physical memory or swap space
#   Check if swap backing store is full
#   Decrease Java heap size (-Xmx/-Xms)
#   Decrease number of Java threads
#   Decrease Java thread stack sizes (-Xss)
#   Set larger code cache with -XX:ReservedCodeCacheSize=
#   JVM is running with Unscaled Compressed Oops mode in which the Java heap is
#     placed in the first 4GB address space. The Java Heap base address is the
#     maximum limit for the native heap growth. Please use -XX:HeapBaseMinAddress
#     to set the Java Heap base and to place the Java Heap above 4GB virtual address.
# This output file may be truncated or incomplete.
#
#  Out of Memory Error (allocation.cpp:44), pid=11248, tid=24044
#
# JRE version: Java(TM) SE Runtime Environment (21.0.3+7) (build 21.0.3+7-LTS-152)
# Java VM: Java HotSpot(TM) 64-Bit Server VM (21.0.3+7-LTS-152, mixed mode, sharing, tiered, compressed oops, compressed class ptrs, g1 gc, windows-amd64)
# No core dump will be written. Minidumps are not enabled by default on client versions of Windows
#

---------------  S U M M A R Y ------------

Command Line: -Dfile.encoding=UTF-8 -Dstdout.encoding=UTF-8 -Dstderr.encoding=UTF-8 -XX:+ShowCodeDetailsInExceptionMessages com.superBoy.FoodieHub.FoodieHubApplication

Host: AMD Ryzen 7 6800H with Radeon Graphics         , 16 cores, 7G,  Windows 11 , 64 bit Build 26100 (10.0.26100.8521)
Time: Mon Jun  8 04:26:26 2026 India Standard Time elapsed time: 5678.504301 seconds (0d 1h 34m 38s)

---------------  T H R E A D  ---------------

Current thread (0x000002001fe867c0):  VMThread "VM Thread"          [id=24044, stack(0x0000005823a00000,0x0000005823b00000) (1024K)]

Stack: [0x0000005823a00000,0x0000005823b00000]
Native frames: (J=compiled Java code, j=interpreted, Vv=VM code, C=native code)
V  [jvm.dll+0x6c63b9]
V  [jvm.dll+0x84fa11]
V  [jvm.dll+0x851f3e]
V  [jvm.dll+0x852613]
V  [jvm.dll+0x27cd46]
V  [jvm.dll+0xbf657]
V  [jvm.dll+0x340f92]
V  [jvm.dll+0x33b98e]
V  [jvm.dll+0x3243e8]
V  [jvm.dll+0x367234]
V  [jvm.dll+0x857fd0]
V  [jvm.dll+0x8590d4]
V  [jvm.dll+0x859610]
V  [jvm.dll+0x8598b3]
V  [jvm.dll+0x7f9ffb]
V  [jvm.dll+0x6c4a9d]
C  [ucrtbase.dll+0x2cd30]
C  [KERNEL32.DLL+0x2e957]
C  [ntdll.dll+0x87c1c]

VM_Operation (0x00000058230fedb0): G1CollectFull, mode: safepoint, requested by thread 0x00000200678676c0


---------------  P R O C E S S  ---------------

Threads class SMR info:
_java_thread_list=0x0000020067bbb040, length=21, elements={
0x000002001fea6910, 0x000002001fea9530, 0x000002001feb1bf0, 0x000002001feb2650,
0x000002001feb3410, 0x000002001feb70f0, 0x000002001fedaef0, 0x00000200650022e0,
0x0000020065253880, 0x000002006525e810, 0x0000020068e059d0, 0x000002006a7131f0,
0x0000020069234060, 0x0000020069235aa0, 0x000002006afd46a0, 0x000002006a7117b0,
0x000002006afd7490, 0x000002006a70f6e0, 0x000002006a713880, 0x000002006a712b60,
0x00000200678676c0
}

Java Threads: ( => current thread )
  0x000002001fea6910 JavaThread "Reference Handler"          daemon [_thread_blocked, id=37660, stack(0x0000005823b00000,0x0000005823c00000) (1024K)]
  0x000002001fea9530 JavaThread "Finalizer"                  daemon [_thread_blocked, id=3212, stack(0x0000005823c00000,0x0000005823d00000) (1024K)]
  0x000002001feb1bf0 JavaThread "Signal Dispatcher"          daemon [_thread_blocked, id=21672, stack(0x0000005823d00000,0x0000005823e00000) (1024K)]
  0x000002001feb2650 JavaThread "Attach Listener"            daemon [_thread_blocked, id=34576, stack(0x0000005823e00000,0x0000005823f00000) (1024K)]
  0x000002001feb3410 JavaThread "Service Thread"             daemon [_thread_blocked, id=11800, stack(0x0000005823f00000,0x0000005824000000) (1024K)]
  0x000002001feb70f0 JavaThread "Monitor Deflation Thread"   daemon [_thread_blocked, id=21512, stack(0x0000005824000000,0x0000005824100000) (1024K)]
  0x000002001fedaef0 JavaThread "C2 CompilerThread0"         daemon [_thread_blocked, id=23268, stack(0x0000005824100000,0x0000005824200000) (1024K)]
  0x00000200650022e0 JavaThread "C1 CompilerThread0"         daemon [_thread_blocked, id=8616, stack(0x0000005824200000,0x0000005824300000) (1024K)]
  0x0000020065253880 JavaThread "Notification Thread"        daemon [_thread_blocked, id=6224, stack(0x0000005824500000,0x0000005824600000) (1024K)]
  0x000002006525e810 JavaThread "Common-Cleaner"             daemon [_thread_blocked, id=31104, stack(0x0000005824600000,0x0000005824700000) (1024K)]
  0x0000020068e059d0 JavaThread "mysql-cj-abandoned-connection-cleanup" daemon [_thread_blocked, id=2096, stack(0x0000005825d00000,0x0000005825e00000) (1024K)]
  0x000002006a7131f0 JavaThread "Live Reload Server"         daemon [_thread_in_native, id=34492, stack(0x0000005826200000,0x0000005826300000) (1024K)]
  0x0000020069234060 JavaThread "DestroyJavaVM"                     [_thread_blocked, id=23624, stack(0x0000005823300000,0x0000005823400000) (1024K)]
  0x0000020069235aa0 JavaThread "File Watcher"               daemon [_thread_blocked, id=23524, stack(0x0000005823200000,0x0000005823300000) (1024K)]
  0x000002006afd46a0 JavaThread "File Watcher"               daemon [_thread_blocked, id=36008, stack(0x0000005824300000,0x0000005824400000) (1024K)]
  0x000002006a7117b0 JavaThread "File Watcher"               daemon [_thread_blocked, id=31776, stack(0x0000005824400000,0x0000005824500000) (1024K)]
  0x000002006afd7490 JavaThread "File Watcher"               daemon [_thread_blocked, id=11912, stack(0x0000005824b00000,0x0000005824c00000) (1024K)]
  0x000002006a70f6e0 JavaThread "File Watcher"               daemon [_thread_blocked, id=21428, stack(0x0000005824c00000,0x0000005824d00000) (1024K)]
  0x000002006a713880 JavaThread "File Watcher"               daemon [_thread_blocked, id=14612, stack(0x0000005824d00000,0x0000005824e00000) (1024K)]
  0x000002006a712b60 JavaThread "File Watcher"               daemon [_thread_blocked, id=37696, stack(0x0000005825300000,0x0000005825400000) (1024K)]
  0x00000200678676c0 JavaThread "Thread-148"                        [_thread_blocked, id=17492, stack(0x0000005823000000,0x0000005823100000) (1024K)]
Total: 21

Other Threads:
=>0x000002001fe867c0 VMThread "VM Thread"                           [id=24044, stack(0x0000005823a00000,0x0000005823b00000) (1024K)]
  0x000002001fe71500 WatcherThread "VM Periodic Task Thread"        [id=34884, stack(0x0000005823900000,0x0000005823a00000) (1024K)]
  0x0000020002e5e9f0 WorkerThread "GC Thread#0"                     [id=35404, stack(0x0000005823400000,0x0000005823500000) (1024K)]
  0x0000020065c87500 WorkerThread "GC Thread#1"                     [id=25804, stack(0x0000005824700000,0x0000005824800000) (1024K)]
  0x0000020065c88dc0 WorkerThread "GC Thread#2"                     [id=21024, stack(0x0000005824800000,0x0000005824900000) (1024K)]
  0x0000020066021740 WorkerThread "GC Thread#3"                     [id=20924, stack(0x0000005824900000,0x0000005824a00000) (1024K)]
  0x0000020066021ae0 WorkerThread "GC Thread#4"                     [id=8252, stack(0x0000005824a00000,0x0000005824b00000) (1024K)]
  0x000002006615d800 WorkerThread "GC Thread#5"                     [id=36340, stack(0x0000005824f00000,0x0000005825000000) (1024K)]
  0x0000020066567420 WorkerThread "GC Thread#6"                     [id=13336, stack(0x0000005825000000,0x0000005825100000) (1024K)]
  0x0000020066571a60 WorkerThread "GC Thread#7"                     [id=28256, stack(0x0000005825100000,0x0000005825200000) (1024K)]
  0x00000200665716c0 WorkerThread "GC Thread#8"                     [id=20520, stack(0x0000005825200000,0x0000005825300000) (1024K)]
  0x0000020066572540 WorkerThread "GC Thread#9"                     [id=29988, stack(0x0000005824e00000,0x0000005824f00000) (1024K)]
  0x0000020066571e00 WorkerThread "GC Thread#10"                    [id=30936, stack(0x0000005825400000,0x0000005825500000) (1024K)]
  0x00000200665721a0 WorkerThread "GC Thread#11"                    [id=8688, stack(0x0000005825500000,0x0000005825600000) (1024K)]
  0x0000020066572c80 WorkerThread "GC Thread#12"                    [id=31824, stack(0x0000005825600000,0x0000005825700000) (1024K)]
  0x0000020002e6e230 ConcurrentGCThread "G1 Main Marker"            [id=37836, stack(0x0000005823500000,0x0000005823600000) (1024K)]
  0x0000020002e6ff50 WorkerThread "G1 Conc#0"                       [id=20768, stack(0x0000005823600000,0x0000005823700000) (1024K)]
  0x0000020066571320 WorkerThread "G1 Conc#1"                       [id=23628, stack(0x0000005825700000,0x0000005825800000) (1024K)]
  0x000002006711d9e0 WorkerThread "G1 Conc#2"                       [id=27960, stack(0x0000005825800000,0x0000005825900000) (1024K)]
  0x000002001fd3fac0 ConcurrentGCThread "G1 Refine#0"               [id=6236, stack(0x0000005823700000,0x0000005823800000) (1024K)]
  0x000002001fd43400 ConcurrentGCThread "G1 Service"                [id=24972, stack(0x0000005823800000,0x0000005823900000) (1024K)]
Total: 21

Threads with active compile tasks:
Total: 0

VM state: at safepoint (normal execution)

VM Mutex/Monitor currently owned by a thread:  ([mutex/lock_event])
[0x00007ffbc7f02da8] Threads_lock - owner thread: 0x000002001fe867c0
[0x00007ffbc7f02ea8] Heap_lock - owner thread: 0x00000200678676c0

Heap address: 0x000000008ce00000, size: 1842 MB, Compressed Oops mode: 32-bit

CDS archive(s) mapped at: [0x0000020020000000-0x0000020020c90000-0x0000020020c90000), size 13172736, SharedBaseAddress: 0x0000020020000000, ArchiveRelocationMode: 1.
Compressed class space mapped at: 0x0000020021000000-0x0000020061000000, reserved size: 1073741824
Narrow klass base: 0x0000020020000000, Narrow klass shift: 0, Narrow klass range: 0x100000000

GC Precious Log:
 CardTable entry size: 512
 Card Set container configuration: InlinePtr #cards 5 size 8 Array Of Cards #cards 12 size 40 Howl #buckets 4 coarsen threshold 1843 Howl Bitmap #cards 512 size 80 coarsen threshold 460 Card regions per heap region 1 cards per card region 2048
 CPUs: 16 total, 16 available
 Memory: 7365M
 Large Page Support: Disabled
 NUMA Support: Disabled
 Compressed Oops: Enabled (32-bit)
 Heap Region Size: 1M
 Heap Min Capacity: 8M
 Heap Initial Capacity: 116M
 Heap Max Capacity: 1842M
 Pre-touch: Disabled
 Parallel Workers: 13
 Concurrent Workers: 3
 Concurrent Refinement Workers: 13
 Periodic GC: Disabled

Heap:
 garbage-first heap   total 276480K, used 191752K [0x000000008ce00000, 0x0000000100000000)
  region size 1024K, 113 young (115712K), 14 survivors (14336K)
 Metaspace       used 184167K, committed 185984K, reserved 1245184K
  class space    used 21177K, committed 22144K, reserved 1048576K

Heap Regions: E=young(eden), S=young(survivor), O=old, HS=humongous(starts), HC=humongous(continues), CS=collection set, F=free, TAMS=top-at-mark-start, PB=parsable bottom
|   0|0x000000008ce00000, 0x000000008cf00000, 0x000000008cf00000|100%|HS|  |TAMS 0x000000008ce00000| PB 0x000000008ce00000| Complete 
|   1|0x000000008cf00000, 0x000000008cffffd0, 0x000000008d000000| 99%| O|  |TAMS 0x000000008cf00000| PB 0x000000008cf00000| Untracked 
|   2|0x000000008d000000, 0x000000008d0ffff0, 0x000000008d100000| 99%| O|  |TAMS 0x000000008d000000| PB 0x000000008d000000| Untracked 
|   3|0x000000008d100000, 0x000000008d200000, 0x000000008d200000|100%| O|  |TAMS 0x000000008d100000| PB 0x000000008d100000| Untracked 
|   4|0x000000008d200000, 0x000000008d300000, 0x000000008d300000|100%| O|  |TAMS 0x000000008d200000| PB 0x000000008d200000| Untracked 
|   5|0x000000008d300000, 0x000000008d3fffe8, 0x000000008d400000| 99%| O|  |TAMS 0x000000008d300000| PB 0x000000008d300000| Untracked 
|   6|0x000000008d400000, 0x000000008d4fffd8, 0x000000008d500000| 99%| O|  |TAMS 0x000000008d400000| PB 0x000000008d400000| Untracked 
|   7|0x000000008d500000, 0x000000008d600000, 0x000000008d600000|100%| O|  |TAMS 0x000000008d500000| PB 0x000000008d500000| Untracked 
|   8|0x000000008d600000, 0x000000008d6ffff0, 0x000000008d700000| 99%| O|  |TAMS 0x000000008d600000| PB 0x000000008d600000| Untracked 
|   9|0x000000008d700000, 0x000000008d7ffff0, 0x000000008d800000| 99%| O|  |TAMS 0x000000008d700000| PB 0x000000008d700000| Untracked 
|  10|0x000000008d800000, 0x000000008d8fffe0, 0x000000008d900000| 99%| O|  |TAMS 0x000000008d800000| PB 0x000000008d800000| Untracked 
|  11|0x000000008d900000, 0x000000008d9fffe8, 0x000000008da00000| 99%| O|  |TAMS 0x000000008d900000| PB 0x000000008d900000| Untracked 
|  12|0x000000008da00000, 0x000000008daffff0, 0x000000008db00000| 99%| O|  |TAMS 0x000000008da00000| PB 0x000000008da00000| Untracked 
|  13|0x000000008db00000, 0x000000008dbfff90, 0x000000008dc00000| 99%| O|  |TAMS 0x000000008db00000| PB 0x000000008db00000| Untracked 
|  14|0x000000008dc00000, 0x000000008dd00000, 0x000000008dd00000|100%| O|  |TAMS 0x000000008dc00000| PB 0x000000008dc00000| Untracked 
|  15|0x000000008dd00000, 0x000000008ddffff8, 0x000000008de00000| 99%| O|  |TAMS 0x000000008dd00000| PB 0x000000008dd00000| Untracked 
|  16|0x000000008de00000, 0x000000008defffe0, 0x000000008df00000| 99%| O|  |TAMS 0x000000008de00000| PB 0x000000008de00000| Untracked 
|  17|0x000000008df00000, 0x000000008dfffff0, 0x000000008e000000| 99%| O|  |TAMS 0x000000008df00000| PB 0x000000008df00000| Untracked 
|  18|0x000000008e000000, 0x000000008e100000, 0x000000008e100000|100%| O|  |TAMS 0x000000008e000000| PB 0x000000008e000000| Untracked 
|  19|0x000000008e100000, 0x000000008e200000, 0x000000008e200000|100%| O|  |TAMS 0x000000008e100000| PB 0x000000008e100000| Untracked 
|  20|0x000000008e200000, 0x000000008e2ffff0, 0x000000008e300000| 99%| O|  |TAMS 0x000000008e200000| PB 0x000000008e200000| Untracked 
|  21|0x000000008e300000, 0x000000008e3fff88, 0x000000008e400000| 99%| O|  |TAMS 0x000000008e300000| PB 0x000000008e300000| Untracked 
|  22|0x000000008e400000, 0x000000008e4ffff8, 0x000000008e500000| 99%| O|  |TAMS 0x000000008e400000| PB 0x000000008e400000| Untracked 
|  23|0x000000008e500000, 0x000000008e5fffe8, 0x000000008e600000| 99%| O|  |TAMS 0x000000008e500000| PB 0x000000008e500000| Untracked 
|  24|0x000000008e600000, 0x000000008e6ffff8, 0x000000008e700000| 99%| O|  |TAMS 0x000000008e600000| PB 0x000000008e600000| Untracked 
|  25|0x000000008e700000, 0x000000008e7ffff8, 0x000000008e800000| 99%| O|  |TAMS 0x000000008e700000| PB 0x000000008e700000| Untracked 
|  26|0x000000008e800000, 0x000000008e8fffe0, 0x000000008e900000| 99%| O|  |TAMS 0x000000008e800000| PB 0x000000008e800000| Untracked 
|  27|0x000000008e900000, 0x000000008e9ffff0, 0x000000008ea00000| 99%| O|  |TAMS 0x000000008e900000| PB 0x000000008e900000| Untracked 
|  28|0x000000008ea00000, 0x000000008eaffff8, 0x000000008eb00000| 99%| O|  |TAMS 0x000000008ea00000| PB 0x000000008ea00000| Untracked 
|  29|0x000000008eb00000, 0x000000008ebffff0, 0x000000008ec00000| 99%| O|  |TAMS 0x000000008eb00000| PB 0x000000008eb00000| Untracked 
|  30|0x000000008ec00000, 0x000000008ed00000, 0x000000008ed00000|100%| O|  |TAMS 0x000000008ec00000| PB 0x000000008ec00000| Untracked 
|  31|0x000000008ed00000, 0x000000008edfffd8, 0x000000008ee00000| 99%| O|  |TAMS 0x000000008ed00000| PB 0x000000008ed00000| Untracked 
|  32|0x000000008ee00000, 0x000000008eefffe8, 0x000000008ef00000| 99%| O|  |TAMS 0x000000008ee00000| PB 0x000000008ee00000| Untracked 
|  33|0x000000008ef00000, 0x000000008efffff0, 0x000000008f000000| 99%| O|  |TAMS 0x000000008ef00000| PB 0x000000008ef00000| Untracked 
|  34|0x000000008f000000, 0x000000008f100000, 0x000000008f100000|100%| O|  |TAMS 0x000000008f000000| PB 0x000000008f000000| Untracked 
|  35|0x000000008f100000, 0x000000008f200000, 0x000000008f200000|100%| O|  |TAMS 0x000000008f100000| PB 0x000000008f100000| Untracked 
|  36|0x000000008f200000, 0x000000008f2ff610, 0x000000008f300000| 99%| O|  |TAMS 0x000000008f200000| PB 0x000000008f200000| Untracked 
|  37|0x000000008f300000, 0x000000008f3fff48, 0x000000008f400000| 99%| O|  |TAMS 0x000000008f300000| PB 0x000000008f300000| Untracked 
|  38|0x000000008f400000, 0x000000008f4f8018, 0x000000008f500000| 96%| O|  |TAMS 0x000000008f400000| PB 0x000000008f400000| Untracked 
|  39|0x000000008f500000, 0x000000008f5fffe8, 0x000000008f600000| 99%| O|  |TAMS 0x000000008f500000| PB 0x000000008f500000| Untracked 
|  40|0x000000008f600000, 0x000000008f700000, 0x000000008f700000|100%| O|  |TAMS 0x000000008f600000| PB 0x000000008f600000| Untracked 
|  41|0x000000008f700000, 0x000000008f7fffe8, 0x000000008f800000| 99%| O|  |TAMS 0x000000008f700000| PB 0x000000008f700000| Untracked 
|  42|0x000000008f800000, 0x000000008f8ffff0, 0x000000008f900000| 99%| O|  |TAMS 0x000000008f800000| PB 0x000000008f800000| Untracked 
|  43|0x000000008f900000, 0x000000008fa00000, 0x000000008fa00000|100%| O|  |TAMS 0x000000008f900000| PB 0x000000008f900000| Untracked 
|  44|0x000000008fa00000, 0x000000008faffff8, 0x000000008fb00000| 99%| O|  |TAMS 0x000000008fa00000| PB 0x000000008fa00000| Untracked 
|  45|0x000000008fb00000, 0x000000008fbfffc0, 0x000000008fc00000| 99%| O|  |TAMS 0x000000008fb00000| PB 0x000000008fb00000| Untracked 
|  46|0x000000008fc00000, 0x000000008fcfffe0, 0x000000008fd00000| 99%| O|  |TAMS 0x000000008fc00000| PB 0x000000008fc00000| Untracked 
|  47|0x000000008fd00000, 0x000000008fdfffe0, 0x000000008fe00000| 99%| O|  |TAMS 0x000000008fd00000| PB 0x000000008fd00000| Untracked 
|  48|0x000000008fe00000, 0x000000008feffff8, 0x000000008ff00000| 99%| O|  |TAMS 0x000000008fe00000| PB 0x000000008fe00000| Untracked 
|  49|0x000000008ff00000, 0x000000008fffffe8, 0x0000000090000000| 99%| O|  |TAMS 0x000000008ff00000| PB 0x000000008ff00000| Untracked 
|  50|0x0000000090000000, 0x00000000900fffe8, 0x0000000090100000| 99%| O|  |TAMS 0x0000000090000000| PB 0x0000000090000000| Untracked 
|  51|0x0000000090100000, 0x00000000901ffff8, 0x0000000090200000| 99%| O|  |TAMS 0x0000000090100000| PB 0x0000000090100000| Untracked 
|  52|0x0000000090200000, 0x00000000902ffff0, 0x0000000090300000| 99%| O|  |TAMS 0x0000000090200000| PB 0x0000000090200000| Untracked 
|  53|0x0000000090300000, 0x00000000903ffff8, 0x0000000090400000| 99%| O|  |TAMS 0x0000000090300000| PB 0x0000000090300000| Untracked 
|  54|0x0000000090400000, 0x00000000904fffc8, 0x0000000090500000| 99%| O|  |TAMS 0x0000000090400000| PB 0x0000000090400000| Untracked 
|  55|0x0000000090500000, 0x00000000905fffe0, 0x0000000090600000| 99%| O|  |TAMS 0x0000000090500000| PB 0x0000000090500000| Untracked 
|  56|0x0000000090600000, 0x0000000090700000, 0x0000000090700000|100%| O|  |TAMS 0x0000000090600000| PB 0x0000000090600000| Untracked 
|  57|0x0000000090700000, 0x00000000907fffd0, 0x0000000090800000| 99%| O|  |TAMS 0x0000000090700000| PB 0x0000000090700000| Untracked 
|  58|0x0000000090800000, 0x00000000908fffe8, 0x0000000090900000| 99%| O|  |TAMS 0x0000000090800000| PB 0x0000000090800000| Untracked 
|  59|0x0000000090900000, 0x00000000909ffff8, 0x0000000090a00000| 99%| O|  |TAMS 0x0000000090900000| PB 0x0000000090900000| Untracked 
|  60|0x0000000090a00000, 0x0000000090b00000, 0x0000000090b00000|100%| O|  |TAMS 0x0000000090a00000| PB 0x0000000090a00000| Untracked 
|  61|0x0000000090b00000, 0x0000000090bfffe0, 0x0000000090c00000| 99%| O|  |TAMS 0x0000000090b00000| PB 0x0000000090b00000| Untracked 
|  62|0x0000000090c00000, 0x0000000090cffff0, 0x0000000090d00000| 99%| O|  |TAMS 0x0000000090c00000| PB 0x0000000090c00000| Untracked 
|  63|0x0000000090d00000, 0x0000000090e00000, 0x0000000090e00000|100%| O|  |TAMS 0x0000000090d00000| PB 0x0000000090d00000| Untracked 
|  64|0x0000000090e00000, 0x0000000090effff8, 0x0000000090f00000| 99%| O|  |TAMS 0x0000000090e00000| PB 0x0000000090e00000| Untracked 
|  65|0x0000000090f00000, 0x0000000090fffff0, 0x0000000091000000| 99%| O|  |TAMS 0x0000000090f00000| PB 0x0000000090f00000| Untracked 
|  66|0x0000000091000000, 0x0000000091100000, 0x0000000091100000|100%| O|  |TAMS 0x0000000091000000| PB 0x0000000091000000| Untracked 
|  67|0x0000000091100000, 0x0000000091200000, 0x0000000091200000|100%| O|  |TAMS 0x0000000091100000| PB 0x0000000091100000| Untracked 
|  68|0x0000000091200000, 0x00000000912ffff8, 0x0000000091300000| 99%| O|  |TAMS 0x0000000091200000| PB 0x0000000091200000| Untracked 
|  69|0x0000000091300000, 0x00000000913ffff8, 0x0000000091400000| 99%| O|  |TAMS 0x0000000091300000| PB 0x0000000091300000| Untracked 
|  70|0x0000000091400000, 0x00000000914bafe0, 0x0000000091500000| 73%| O|  |TAMS 0x0000000091400000| PB 0x0000000091400000| Untracked 
|  71|0x0000000091500000, 0x00000000915ccfc8, 0x0000000091600000| 80%| O|  |TAMS 0x0000000091500000| PB 0x0000000091500000| Untracked 
|  72|0x0000000091600000, 0x00000000916fffe0, 0x0000000091700000| 99%| O|  |TAMS 0x0000000091600000| PB 0x0000000091600000| Untracked 
|  73|0x0000000091700000, 0x0000000091800000, 0x0000000091800000|100%| O|  |TAMS 0x0000000091700000| PB 0x0000000091700000| Untracked 
|  74|0x0000000091800000, 0x00000000918ffff0, 0x0000000091900000| 99%| O|  |TAMS 0x0000000091800000| PB 0x0000000091800000| Untracked 
|  75|0x0000000091900000, 0x0000000091967a58, 0x0000000091a00000| 40%| O|  |TAMS 0x0000000091900000| PB 0x0000000091900000| Untracked 
|  76|0x0000000091a00000, 0x0000000091a27ab0, 0x0000000091b00000| 15%| O|  |TAMS 0x0000000091a00000| PB 0x0000000091a00000| Untracked 
|  77|0x0000000091b00000, 0x0000000091ba1508, 0x0000000091c00000| 63%| O|  |TAMS 0x0000000091b00000| PB 0x0000000091b00000| Untracked 
|  78|0x0000000091c00000, 0x0000000091c00000, 0x0000000091d00000|  0%| F|  |TAMS 0x0000000091c00000| PB 0x0000000091c00000| Untracked 
|  79|0x0000000091d00000, 0x0000000091d00000, 0x0000000091e00000|  0%| F|  |TAMS 0x0000000091d00000| PB 0x0000000091d00000| Untracked 
|  80|0x0000000091e00000, 0x0000000091e02dc8, 0x0000000091f00000|  1%| O|  |TAMS 0x0000000091e00000| PB 0x0000000091e00000| Untracked 
|  81|0x0000000091f00000, 0x0000000091f014e0, 0x0000000092000000|  0%| O|Cm|TAMS 0x0000000091f00000| PB 0x0000000091f00000| Complete 
|  82|0x0000000092000000, 0x000000009202fdf8, 0x0000000092100000| 18%| O|  |TAMS 0x0000000092000000| PB 0x0000000092000000| Untracked 
|  83|0x0000000092100000, 0x0000000092100000, 0x0000000092200000|  0%| F|  |TAMS 0x0000000092100000| PB 0x0000000092100000| Untracked 
|  84|0x0000000092200000, 0x0000000092200000, 0x0000000092300000|  0%| F|  |TAMS 0x0000000092200000| PB 0x0000000092200000| Untracked 
|  85|0x0000000092300000, 0x0000000092300000, 0x0000000092400000|  0%| F|  |TAMS 0x0000000092300000| PB 0x0000000092300000| Untracked 
|  86|0x0000000092400000, 0x0000000092400000, 0x0000000092500000|  0%| F|  |TAMS 0x0000000092400000| PB 0x0000000092400000| Untracked 
|  87|0x0000000092500000, 0x0000000092500000, 0x0000000092600000|  0%| F|  |TAMS 0x0000000092500000| PB 0x0000000092500000| Untracked 
|  88|0x0000000092600000, 0x0000000092600000, 0x0000000092700000|  0%| F|  |TAMS 0x0000000092600000| PB 0x0000000092600000| Untracked 
|  89|0x0000000092700000, 0x0000000092700000, 0x0000000092800000|  0%| F|  |TAMS 0x0000000092700000| PB 0x0000000092700000| Untracked 
|  90|0x0000000092800000, 0x0000000092800000, 0x0000000092900000|  0%| F|  |TAMS 0x0000000092800000| PB 0x0000000092800000| Untracked 
|  91|0x0000000092900000, 0x0000000092900000, 0x0000000092a00000|  0%| F|  |TAMS 0x0000000092900000| PB 0x0000000092900000| Untracked 
|  92|0x0000000092a00000, 0x0000000092a00000, 0x0000000092b00000|  0%| F|  |TAMS 0x0000000092a00000| PB 0x0000000092a00000| Untracked 
|  93|0x0000000092b00000, 0x0000000092b00000, 0x0000000092c00000|  0%| F|  |TAMS 0x0000000092b00000| PB 0x0000000092b00000| Untracked 
|  94|0x0000000092c00000, 0x0000000092c00000, 0x0000000092d00000|  0%| F|  |TAMS 0x0000000092c00000| PB 0x0000000092c00000| Untracked 
|  95|0x0000000092d00000, 0x0000000092d00000, 0x0000000092e00000|  0%| F|  |TAMS 0x0000000092d00000| PB 0x0000000092d00000| Untracked 
|  96|0x0000000092e00000, 0x0000000092e00000, 0x0000000092f00000|  0%| F|  |TAMS 0x0000000092e00000| PB 0x0000000092e00000| Untracked 
|  97|0x0000000092f00000, 0x0000000092f00000, 0x0000000093000000|  0%| F|  |TAMS 0x0000000092f00000| PB 0x0000000092f00000| Untracked 
|  98|0x0000000093000000, 0x0000000093000000, 0x0000000093100000|  0%| F|  |TAMS 0x0000000093000000| PB 0x0000000093000000| Untracked 
|  99|0x0000000093100000, 0x0000000093100000, 0x0000000093200000|  0%| F|  |TAMS 0x0000000093100000| PB 0x0000000093100000| Untracked 
| 100|0x0000000093200000, 0x0000000093200000, 0x0000000093300000|  0%| F|  |TAMS 0x0000000093200000| PB 0x0000000093200000| Untracked 
| 101|0x0000000093300000, 0x000000009335e660, 0x0000000093400000| 36%| S|CS|TAMS 0x0000000093300000| PB 0x0000000093300000| Complete 
| 102|0x0000000093400000, 0x0000000093500000, 0x0000000093500000|100%| S|CS|TAMS 0x0000000093400000| PB 0x0000000093400000| Complete 
| 103|0x0000000093500000, 0x0000000093600000, 0x0000000093600000|100%| S|CS|TAMS 0x0000000093500000| PB 0x0000000093500000| Complete 
| 104|0x0000000093600000, 0x0000000093700000, 0x0000000093700000|100%| S|CS|TAMS 0x0000000093600000| PB 0x0000000093600000| Complete 
| 105|0x0000000093700000, 0x0000000093800000, 0x0000000093800000|100%| S|CS|TAMS 0x0000000093700000| PB 0x0000000093700000| Complete 
| 106|0x0000000093800000, 0x0000000093900000, 0x0000000093900000|100%| S|CS|TAMS 0x0000000093800000| PB 0x0000000093800000| Complete 
| 107|0x0000000093900000, 0x0000000093a00000, 0x0000000093a00000|100%| S|CS|TAMS 0x0000000093900000| PB 0x0000000093900000| Complete 
| 108|0x0000000093a00000, 0x0000000093b00000, 0x0000000093b00000|100%| S|CS|TAMS 0x0000000093a00000| PB 0x0000000093a00000| Complete 
| 109|0x0000000093b00000, 0x0000000093c00000, 0x0000000093c00000|100%| S|CS|TAMS 0x0000000093b00000| PB 0x0000000093b00000| Complete 
| 110|0x0000000093c00000, 0x0000000093d00000, 0x0000000093d00000|100%| S|CS|TAMS 0x0000000093c00000| PB 0x0000000093c00000| Complete 
| 111|0x0000000093d00000, 0x0000000093e00000, 0x0000000093e00000|100%| S|CS|TAMS 0x0000000093d00000| PB 0x0000000093d00000| Complete 
| 112|0x0000000093e00000, 0x0000000093f00000, 0x0000000093f00000|100%| S|CS|TAMS 0x0000000093e00000| PB 0x0000000093e00000| Complete 
| 113|0x0000000093f00000, 0x0000000094000000, 0x0000000094000000|100%| S|CS|TAMS 0x0000000093f00000| PB 0x0000000093f00000| Complete 
| 114|0x0000000094000000, 0x0000000094100000, 0x0000000094100000|100%| S|CS|TAMS 0x0000000094000000| PB 0x0000000094000000| Complete 
| 115|0x0000000094100000, 0x0000000094100000, 0x0000000094200000|  0%| F|  |TAMS 0x0000000094100000| PB 0x0000000094100000| Untracked 
| 116|0x0000000094200000, 0x0000000094200000, 0x0000000094300000|  0%| F|  |TAMS 0x0000000094200000| PB 0x0000000094200000| Untracked 
| 117|0x0000000094300000, 0x0000000094300000, 0x0000000094400000|  0%| F|  |TAMS 0x0000000094300000| PB 0x0000000094300000| Untracked 
| 118|0x0000000094400000, 0x0000000094400000, 0x0000000094500000|  0%| F|  |TAMS 0x0000000094400000| PB 0x0000000094400000| Untracked 
| 119|0x0000000094500000, 0x0000000094500000, 0x0000000094600000|  0%| F|  |TAMS 0x0000000094500000| PB 0x0000000094500000| Untracked 
| 120|0x0000000094600000, 0x0000000094600000, 0x0000000094700000|  0%| F|  |TAMS 0x0000000094600000| PB 0x0000000094600000| Untracked 
| 121|0x0000000094700000, 0x0000000094700000, 0x0000000094800000|  0%| F|  |TAMS 0x0000000094700000| PB 0x0000000094700000| Untracked 
| 122|0x0000000094800000, 0x0000000094800000, 0x0000000094900000|  0%| F|  |TAMS 0x0000000094800000| PB 0x0000000094800000| Untracked 
| 123|0x0000000094900000, 0x0000000094900000, 0x0000000094a00000|  0%| F|  |TAMS 0x0000000094900000| PB 0x0000000094900000| Untracked 
| 124|0x0000000094a00000, 0x0000000094a00000, 0x0000000094b00000|  0%| F|  |TAMS 0x0000000094a00000| PB 0x0000000094a00000| Untracked 
| 125|0x0000000094b00000, 0x0000000094b00000, 0x0000000094c00000|  0%| F|  |TAMS 0x0000000094b00000| PB 0x0000000094b00000| Untracked 
| 126|0x0000000094c00000, 0x0000000094c00000, 0x0000000094d00000|  0%| F|  |TAMS 0x0000000094c00000| PB 0x0000000094c00000| Untracked 
| 127|0x0000000094d00000, 0x0000000094d00000, 0x0000000094e00000|  0%| F|  |TAMS 0x0000000094d00000| PB 0x0000000094d00000| Untracked 
| 128|0x0000000094e00000, 0x0000000094e00000, 0x0000000094f00000|  0%| F|  |TAMS 0x0000000094e00000| PB 0x0000000094e00000| Untracked 
| 129|0x0000000094f00000, 0x0000000094f00000, 0x0000000095000000|  0%| F|  |TAMS 0x0000000094f00000| PB 0x0000000094f00000| Untracked 
| 130|0x0000000095000000, 0x0000000095000000, 0x0000000095100000|  0%| F|  |TAMS 0x0000000095000000| PB 0x0000000095000000| Untracked 
| 131|0x0000000095100000, 0x0000000095100000, 0x0000000095200000|  0%| F|  |TAMS 0x0000000095100000| PB 0x0000000095100000| Untracked 
| 132|0x0000000095200000, 0x0000000095200000, 0x0000000095300000|  0%| F|  |TAMS 0x0000000095200000| PB 0x0000000095200000| Untracked 
| 133|0x0000000095300000, 0x0000000095300000, 0x0000000095400000|  0%| F|  |TAMS 0x0000000095300000| PB 0x0000000095300000| Untracked 
| 134|0x0000000095400000, 0x0000000095400000, 0x0000000095500000|  0%| F|  |TAMS 0x0000000095400000| PB 0x0000000095400000| Untracked 
| 135|0x0000000095500000, 0x0000000095500000, 0x0000000095600000|  0%| F|  |TAMS 0x0000000095500000| PB 0x0000000095500000| Untracked 
| 136|0x0000000095600000, 0x0000000095600000, 0x0000000095700000|  0%| F|  |TAMS 0x0000000095600000| PB 0x0000000095600000| Untracked 
| 137|0x0000000095700000, 0x0000000095700000, 0x0000000095800000|  0%| F|  |TAMS 0x0000000095700000| PB 0x0000000095700000| Untracked 
| 138|0x0000000095800000, 0x0000000095800000, 0x0000000095900000|  0%| F|  |TAMS 0x0000000095800000| PB 0x0000000095800000| Untracked 
| 139|0x0000000095900000, 0x0000000095900000, 0x0000000095a00000|  0%| F|  |TAMS 0x0000000095900000| PB 0x0000000095900000| Untracked 
| 140|0x0000000095a00000, 0x0000000095a00000, 0x0000000095b00000|  0%| F|  |TAMS 0x0000000095a00000| PB 0x0000000095a00000| Untracked 
| 141|0x0000000095b00000, 0x0000000095b00000, 0x0000000095c00000|  0%| F|  |TAMS 0x0000000095b00000| PB 0x0000000095b00000| Untracked 
| 142|0x0000000095c00000, 0x0000000095c00000, 0x0000000095d00000|  0%| F|  |TAMS 0x0000000095c00000| PB 0x0000000095c00000| Untracked 
| 143|0x0000000095d00000, 0x0000000095d00000, 0x0000000095e00000|  0%| F|  |TAMS 0x0000000095d00000| PB 0x0000000095d00000| Untracked 
| 144|0x0000000095e00000, 0x0000000095e00000, 0x0000000095f00000|  0%| F|  |TAMS 0x0000000095e00000| PB 0x0000000095e00000| Untracked 
| 145|0x0000000095f00000, 0x0000000095f00000, 0x0000000096000000|  0%| F|  |TAMS 0x0000000095f00000| PB 0x0000000095f00000| Untracked 
| 146|0x0000000096000000, 0x0000000096000000, 0x0000000096100000|  0%| F|  |TAMS 0x0000000096000000| PB 0x0000000096000000| Untracked 
| 147|0x0000000096100000, 0x0000000096100000, 0x0000000096200000|  0%| F|  |TAMS 0x0000000096100000| PB 0x0000000096100000| Untracked 
| 148|0x0000000096200000, 0x0000000096200000, 0x0000000096300000|  0%| F|  |TAMS 0x0000000096200000| PB 0x0000000096200000| Untracked 
| 149|0x0000000096300000, 0x0000000096300000, 0x0000000096400000|  0%| F|  |TAMS 0x0000000096300000| PB 0x0000000096300000| Untracked 
| 150|0x0000000096400000, 0x0000000096400000, 0x0000000096500000|  0%| F|  |TAMS 0x0000000096400000| PB 0x0000000096400000| Untracked 
| 151|0x0000000096500000, 0x0000000096500000, 0x0000000096600000|  0%| F|  |TAMS 0x0000000096500000| PB 0x0000000096500000| Untracked 
| 152|0x0000000096600000, 0x0000000096600000, 0x0000000096700000|  0%| F|  |TAMS 0x0000000096600000| PB 0x0000000096600000| Untracked 
| 153|0x0000000096700000, 0x0000000096700000, 0x0000000096800000|  0%| F|  |TAMS 0x0000000096700000| PB 0x0000000096700000| Untracked 
| 154|0x0000000096800000, 0x0000000096800000, 0x0000000096900000|  0%| F|  |TAMS 0x0000000096800000| PB 0x0000000096800000| Untracked 
| 155|0x0000000096900000, 0x0000000096900000, 0x0000000096a00000|  0%| F|  |TAMS 0x0000000096900000| PB 0x0000000096900000| Untracked 
| 156|0x0000000096a00000, 0x0000000096a00000, 0x0000000096b00000|  0%| F|  |TAMS 0x0000000096a00000| PB 0x0000000096a00000| Untracked 
| 157|0x0000000096b00000, 0x0000000096b00000, 0x0000000096c00000|  0%| F|  |TAMS 0x0000000096b00000| PB 0x0000000096b00000| Untracked 
| 158|0x0000000096c00000, 0x0000000096c00000, 0x0000000096d00000|  0%| F|  |TAMS 0x0000000096c00000| PB 0x0000000096c00000| Untracked 
| 159|0x0000000096d00000, 0x0000000096d00000, 0x0000000096e00000|  0%| F|  |TAMS 0x0000000096d00000| PB 0x0000000096d00000| Untracked 
| 160|0x0000000096e00000, 0x0000000096e00000, 0x0000000096f00000|  0%| F|  |TAMS 0x0000000096e00000| PB 0x0000000096e00000| Untracked 
| 161|0x0000000096f00000, 0x0000000096f00000, 0x0000000097000000|  0%| F|  |TAMS 0x0000000096f00000| PB 0x0000000096f00000| Untracked 
| 162|0x0000000097000000, 0x0000000097000000, 0x0000000097100000|  0%| F|  |TAMS 0x0000000097000000| PB 0x0000000097000000| Untracked 
| 163|0x0000000097100000, 0x0000000097100000, 0x0000000097200000|  0%| F|  |TAMS 0x0000000097100000| PB 0x0000000097100000| Untracked 
| 164|0x0000000097200000, 0x0000000097200000, 0x0000000097300000|  0%| F|  |TAMS 0x0000000097200000| PB 0x0000000097200000| Untracked 
| 165|0x0000000097300000, 0x0000000097300000, 0x0000000097400000|  0%| F|  |TAMS 0x0000000097300000| PB 0x0000000097300000| Untracked 
| 166|0x0000000097400000, 0x0000000097400000, 0x0000000097500000|  0%| F|  |TAMS 0x0000000097400000| PB 0x0000000097400000| Untracked 
| 167|0x0000000097500000, 0x0000000097500000, 0x0000000097600000|  0%| F|  |TAMS 0x0000000097500000| PB 0x0000000097500000| Untracked 
| 168|0x0000000097600000, 0x0000000097600000, 0x0000000097700000|  0%| F|  |TAMS 0x0000000097600000| PB 0x0000000097600000| Untracked 
| 169|0x0000000097700000, 0x0000000097700000, 0x0000000097800000|  0%| F|  |TAMS 0x0000000097700000| PB 0x0000000097700000| Untracked 
| 170|0x0000000097800000, 0x0000000097800000, 0x0000000097900000|  0%| F|  |TAMS 0x0000000097800000| PB 0x0000000097800000| Untracked 
| 171|0x0000000097900000, 0x0000000097a00000, 0x0000000097a00000|100%| E|  |TAMS 0x0000000097900000| PB 0x0000000097900000| Complete 
| 172|0x0000000097a00000, 0x0000000097b00000, 0x0000000097b00000|100%| E|CS|TAMS 0x0000000097a00000| PB 0x0000000097a00000| Complete 
| 173|0x0000000097b00000, 0x0000000097c00000, 0x0000000097c00000|100%| E|CS|TAMS 0x0000000097b00000| PB 0x0000000097b00000| Complete 
| 174|0x0000000097c00000, 0x0000000097d00000, 0x0000000097d00000|100%| E|CS|TAMS 0x0000000097c00000| PB 0x0000000097c00000| Complete 
| 175|0x0000000097d00000, 0x0000000097e00000, 0x0000000097e00000|100%| E|CS|TAMS 0x0000000097d00000| PB 0x0000000097d00000| Complete 
| 176|0x0000000097e00000, 0x0000000097f00000, 0x0000000097f00000|100%| E|CS|TAMS 0x0000000097e00000| PB 0x0000000097e00000| Complete 
| 177|0x0000000097f00000, 0x0000000098000000, 0x0000000098000000|100%| E|CS|TAMS 0x0000000097f00000| PB 0x0000000097f00000| Complete 
| 178|0x0000000098000000, 0x0000000098100000, 0x0000000098100000|100%| E|CS|TAMS 0x0000000098000000| PB 0x0000000098000000| Complete 
| 179|0x0000000098100000, 0x0000000098200000, 0x0000000098200000|100%| E|CS|TAMS 0x0000000098100000| PB 0x0000000098100000| Complete 
| 180|0x0000000098200000, 0x0000000098300000, 0x0000000098300000|100%| E|CS|TAMS 0x0000000098200000| PB 0x0000000098200000| Complete 
| 181|0x0000000098300000, 0x0000000098400000, 0x0000000098400000|100%| E|CS|TAMS 0x0000000098300000| PB 0x0000000098300000| Complete 
| 182|0x0000000098400000, 0x0000000098500000, 0x0000000098500000|100%| E|CS|TAMS 0x0000000098400000| PB 0x0000000098400000| Complete 
| 183|0x0000000098500000, 0x0000000098600000, 0x0000000098600000|100%| E|CS|TAMS 0x0000000098500000| PB 0x0000000098500000| Complete 
| 184|0x0000000098600000, 0x0000000098700000, 0x0000000098700000|100%| E|CS|TAMS 0x0000000098600000| PB 0x0000000098600000| Complete 
| 185|0x0000000098700000, 0x0000000098800000, 0x0000000098800000|100%| E|CS|TAMS 0x0000000098700000| PB 0x0000000098700000| Complete 
| 186|0x0000000098800000, 0x0000000098900000, 0x0000000098900000|100%| E|CS|TAMS 0x0000000098800000| PB 0x0000000098800000| Complete 
| 187|0x0000000098900000, 0x0000000098a00000, 0x0000000098a00000|100%| E|CS|TAMS 0x0000000098900000| PB 0x0000000098900000| Complete 
| 188|0x0000000098a00000, 0x0000000098b00000, 0x0000000098b00000|100%| E|CS|TAMS 0x0000000098a00000| PB 0x0000000098a00000| Complete 
| 189|0x0000000098b00000, 0x0000000098c00000, 0x0000000098c00000|100%| E|CS|TAMS 0x0000000098b00000| PB 0x0000000098b00000| Complete 
| 190|0x0000000098c00000, 0x0000000098d00000, 0x0000000098d00000|100%| E|CS|TAMS 0x0000000098c00000| PB 0x0000000098c00000| Complete 
| 191|0x0000000098d00000, 0x0000000098e00000, 0x0000000098e00000|100%| E|CS|TAMS 0x0000000098d00000| PB 0x0000000098d00000| Complete 
| 192|0x0000000098e00000, 0x0000000098f00000, 0x0000000098f00000|100%| E|CS|TAMS 0x0000000098e00000| PB 0x0000000098e00000| Complete 
| 193|0x0000000098f00000, 0x0000000099000000, 0x0000000099000000|100%| E|CS|TAMS 0x0000000098f00000| PB 0x0000000098f00000| Complete 
| 194|0x0000000099000000, 0x0000000099100000, 0x0000000099100000|100%| E|CS|TAMS 0x0000000099000000| PB 0x0000000099000000| Complete 
| 195|0x0000000099100000, 0x0000000099200000, 0x0000000099200000|100%| E|CS|TAMS 0x0000000099100000| PB 0x0000000099100000| Complete 
| 196|0x0000000099200000, 0x0000000099300000, 0x0000000099300000|100%| E|CS|TAMS 0x0000000099200000| PB 0x0000000099200000| Complete 
| 197|0x0000000099300000, 0x0000000099400000, 0x0000000099400000|100%| E|CS|TAMS 0x0000000099300000| PB 0x0000000099300000| Complete 
| 198|0x0000000099400000, 0x0000000099500000, 0x0000000099500000|100%| E|CS|TAMS 0x0000000099400000| PB 0x0000000099400000| Complete 
| 199|0x0000000099500000, 0x0000000099600000, 0x0000000099600000|100%| E|CS|TAMS 0x0000000099500000| PB 0x0000000099500000| Complete 
| 200|0x0000000099600000, 0x0000000099700000, 0x0000000099700000|100%| E|CS|TAMS 0x0000000099600000| PB 0x0000000099600000| Complete 
| 201|0x0000000099700000, 0x0000000099800000, 0x0000000099800000|100%| E|CS|TAMS 0x0000000099700000| PB 0x0000000099700000| Complete 
| 202|0x0000000099800000, 0x0000000099900000, 0x0000000099900000|100%| E|CS|TAMS 0x0000000099800000| PB 0x0000000099800000| Complete 
| 203|0x0000000099900000, 0x0000000099a00000, 0x0000000099a00000|100%| E|CS|TAMS 0x0000000099900000| PB 0x0000000099900000| Complete 
| 204|0x0000000099a00000, 0x0000000099b00000, 0x0000000099b00000|100%| E|CS|TAMS 0x0000000099a00000| PB 0x0000000099a00000| Complete 
| 205|0x0000000099b00000, 0x0000000099c00000, 0x0000000099c00000|100%| E|CS|TAMS 0x0000000099b00000| PB 0x0000000099b00000| Complete 
| 206|0x0000000099c00000, 0x0000000099d00000, 0x0000000099d00000|100%| E|CS|TAMS 0x0000000099c00000| PB 0x0000000099c00000| Complete 
| 207|0x0000000099d00000, 0x0000000099e00000, 0x0000000099e00000|100%| E|CS|TAMS 0x0000000099d00000| PB 0x0000000099d00000| Complete 
| 208|0x0000000099e00000, 0x0000000099f00000, 0x0000000099f00000|100%| E|CS|TAMS 0x0000000099e00000| PB 0x0000000099e00000| Complete 
| 209|0x0000000099f00000, 0x000000009a000000, 0x000000009a000000|100%| E|CS|TAMS 0x0000000099f00000| PB 0x0000000099f00000| Complete 
| 210|0x000000009a000000, 0x000000009a100000, 0x000000009a100000|100%| E|CS|TAMS 0x000000009a000000| PB 0x000000009a000000| Complete 
| 211|0x000000009a100000, 0x000000009a200000, 0x000000009a200000|100%| E|CS|TAMS 0x000000009a100000| PB 0x000000009a100000| Complete 
| 212|0x000000009a200000, 0x000000009a300000, 0x000000009a300000|100%| E|CS|TAMS 0x000000009a200000| PB 0x000000009a200000| Complete 
| 213|0x000000009a300000, 0x000000009a400000, 0x000000009a400000|100%| E|CS|TAMS 0x000000009a300000| PB 0x000000009a300000| Complete 
| 214|0x000000009a400000, 0x000000009a500000, 0x000000009a500000|100%| E|CS|TAMS 0x000000009a400000| PB 0x000000009a400000| Complete 
| 215|0x000000009a500000, 0x000000009a600000, 0x000000009a600000|100%| E|CS|TAMS 0x000000009a500000| PB 0x000000009a500000| Complete 
| 216|0x000000009a600000, 0x000000009a700000, 0x000000009a700000|100%| E|CS|TAMS 0x000000009a600000| PB 0x000000009a600000| Complete 
| 217|0x000000009a700000, 0x000000009a800000, 0x000000009a800000|100%| E|CS|TAMS 0x000000009a700000| PB 0x000000009a700000| Complete 
| 218|0x000000009a800000, 0x000000009a900000, 0x000000009a900000|100%| E|CS|TAMS 0x000000009a800000| PB 0x000000009a800000| Complete 
| 219|0x000000009a900000, 0x000000009aa00000, 0x000000009aa00000|100%| E|CS|TAMS 0x000000009a900000| PB 0x000000009a900000| Complete 
| 220|0x000000009aa00000, 0x000000009ab00000, 0x000000009ab00000|100%| E|CS|TAMS 0x000000009aa00000| PB 0x000000009aa00000| Complete 
| 221|0x000000009ab00000, 0x000000009ac00000, 0x000000009ac00000|100%| E|CS|TAMS 0x000000009ab00000| PB 0x000000009ab00000| Complete 
| 222|0x000000009ac00000, 0x000000009ad00000, 0x000000009ad00000|100%| E|CS|TAMS 0x000000009ac00000| PB 0x000000009ac00000| Complete 
| 223|0x000000009ad00000, 0x000000009ae00000, 0x000000009ae00000|100%| E|CS|TAMS 0x000000009ad00000| PB 0x000000009ad00000| Complete 
| 224|0x000000009ae00000, 0x000000009af00000, 0x000000009af00000|100%| E|CS|TAMS 0x000000009ae00000| PB 0x000000009ae00000| Complete 
| 225|0x000000009af00000, 0x000000009b000000, 0x000000009b000000|100%| E|CS|TAMS 0x000000009af00000| PB 0x000000009af00000| Complete 
| 226|0x000000009b000000, 0x000000009b100000, 0x000000009b100000|100%| E|CS|TAMS 0x000000009b000000| PB 0x000000009b000000| Complete 
| 227|0x000000009b100000, 0x000000009b200000, 0x000000009b200000|100%| E|CS|TAMS 0x000000009b100000| PB 0x000000009b100000| Complete 
| 228|0x000000009b200000, 0x000000009b300000, 0x000000009b300000|100%| E|CS|TAMS 0x000000009b200000| PB 0x000000009b200000| Complete 
| 229|0x000000009b300000, 0x000000009b400000, 0x000000009b400000|100%| E|CS|TAMS 0x000000009b300000| PB 0x000000009b300000| Complete 
| 230|0x000000009b400000, 0x000000009b500000, 0x000000009b500000|100%| E|CS|TAMS 0x000000009b400000| PB 0x000000009b400000| Complete 
| 231|0x000000009b500000, 0x000000009b600000, 0x000000009b600000|100%| E|CS|TAMS 0x000000009b500000| PB 0x000000009b500000| Complete 
| 232|0x000000009b600000, 0x000000009b700000, 0x000000009b700000|100%| E|CS|TAMS 0x000000009b600000| PB 0x000000009b600000| Complete 
| 233|0x000000009b700000, 0x000000009b800000, 0x000000009b800000|100%| E|CS|TAMS 0x000000009b700000| PB 0x000000009b700000| Complete 
| 234|0x000000009b800000, 0x000000009b900000, 0x000000009b900000|100%| E|CS|TAMS 0x000000009b800000| PB 0x000000009b800000| Complete 
| 235|0x000000009b900000, 0x000000009ba00000, 0x000000009ba00000|100%| E|CS|TAMS 0x000000009b900000| PB 0x000000009b900000| Complete 
| 236|0x000000009ba00000, 0x000000009bb00000, 0x000000009bb00000|100%| E|CS|TAMS 0x000000009ba00000| PB 0x000000009ba00000| Complete 
| 237|0x000000009bb00000, 0x000000009bc00000, 0x000000009bc00000|100%| E|CS|TAMS 0x000000009bb00000| PB 0x000000009bb00000| Complete 
| 238|0x000000009bc00000, 0x000000009bd00000, 0x000000009bd00000|100%| E|CS|TAMS 0x000000009bc00000| PB 0x000000009bc00000| Complete 
| 239|0x000000009bd00000, 0x000000009be00000, 0x000000009be00000|100%| E|CS|TAMS 0x000000009bd00000| PB 0x000000009bd00000| Complete 
| 240|0x000000009be00000, 0x000000009bf00000, 0x000000009bf00000|100%| E|CS|TAMS 0x000000009be00000| PB 0x000000009be00000| Complete 
| 241|0x000000009bf00000, 0x000000009c000000, 0x000000009c000000|100%| E|CS|TAMS 0x000000009bf00000| PB 0x000000009bf00000| Complete 
| 242|0x000000009c000000, 0x000000009c100000, 0x000000009c100000|100%| E|CS|TAMS 0x000000009c000000| PB 0x000000009c000000| Complete 
| 243|0x000000009c100000, 0x000000009c200000, 0x000000009c200000|100%| E|CS|TAMS 0x000000009c100000| PB 0x000000009c100000| Complete 
| 244|0x000000009c200000, 0x000000009c300000, 0x000000009c300000|100%| E|CS|TAMS 0x000000009c200000| PB 0x000000009c200000| Complete 
| 245|0x000000009c300000, 0x000000009c400000, 0x000000009c400000|100%| E|CS|TAMS 0x000000009c300000| PB 0x000000009c300000| Complete 
| 246|0x000000009c400000, 0x000000009c500000, 0x000000009c500000|100%| E|CS|TAMS 0x000000009c400000| PB 0x000000009c400000| Complete 
| 247|0x000000009c500000, 0x000000009c600000, 0x000000009c600000|100%| E|CS|TAMS 0x000000009c500000| PB 0x000000009c500000| Complete 
| 248|0x000000009c600000, 0x000000009c700000, 0x000000009c700000|100%| E|CS|TAMS 0x000000009c600000| PB 0x000000009c600000| Complete 
| 249|0x000000009c700000, 0x000000009c800000, 0x000000009c800000|100%| E|CS|TAMS 0x000000009c700000| PB 0x000000009c700000| Complete 
| 250|0x000000009c800000, 0x000000009c900000, 0x000000009c900000|100%| E|CS|TAMS 0x000000009c800000| PB 0x000000009c800000| Complete 
| 251|0x000000009c900000, 0x000000009ca00000, 0x000000009ca00000|100%| E|CS|TAMS 0x000000009c900000| PB 0x000000009c900000| Complete 
| 252|0x000000009ca00000, 0x000000009cb00000, 0x000000009cb00000|100%| E|CS|TAMS 0x000000009ca00000| PB 0x000000009ca00000| Complete 
| 253|0x000000009cb00000, 0x000000009cc00000, 0x000000009cc00000|100%| E|CS|TAMS 0x000000009cb00000| PB 0x000000009cb00000| Complete 
| 254|0x000000009cc00000, 0x000000009cd00000, 0x000000009cd00000|100%| E|CS|TAMS 0x000000009cc00000| PB 0x000000009cc00000| Complete 
| 255|0x000000009cd00000, 0x000000009ce00000, 0x000000009ce00000|100%| E|CS|TAMS 0x000000009cd00000| PB 0x000000009cd00000| Complete 
| 256|0x000000009ce00000, 0x000000009cf00000, 0x000000009cf00000|100%| E|CS|TAMS 0x000000009ce00000| PB 0x000000009ce00000| Complete 
| 257|0x000000009cf00000, 0x000000009d000000, 0x000000009d000000|100%| E|CS|TAMS 0x000000009cf00000| PB 0x000000009cf00000| Complete 
| 258|0x000000009d000000, 0x000000009d100000, 0x000000009d100000|100%| E|CS|TAMS 0x000000009d000000| PB 0x000000009d000000| Complete 
| 259|0x000000009d100000, 0x000000009d200000, 0x000000009d200000|100%| E|CS|TAMS 0x000000009d100000| PB 0x000000009d100000| Complete 
| 260|0x000000009d200000, 0x000000009d300000, 0x000000009d300000|100%| E|CS|TAMS 0x000000009d200000| PB 0x000000009d200000| Complete 
| 261|0x000000009d300000, 0x000000009d400000, 0x000000009d400000|100%| E|CS|TAMS 0x000000009d300000| PB 0x000000009d300000| Complete 
| 262|0x000000009d400000, 0x000000009d500000, 0x000000009d500000|100%| E|CS|TAMS 0x000000009d400000| PB 0x000000009d400000| Complete 
| 263|0x000000009d500000, 0x000000009d600000, 0x000000009d600000|100%| E|CS|TAMS 0x000000009d500000| PB 0x000000009d500000| Complete 
| 264|0x000000009d600000, 0x000000009d700000, 0x000000009d700000|100%| E|CS|TAMS 0x000000009d600000| PB 0x000000009d600000| Complete 
| 265|0x000000009d700000, 0x000000009d800000, 0x000000009d800000|100%| E|CS|TAMS 0x000000009d700000| PB 0x000000009d700000| Complete 
| 266|0x000000009d800000, 0x000000009d900000, 0x000000009d900000|100%| E|CS|TAMS 0x000000009d800000| PB 0x000000009d800000| Complete 
| 267|0x000000009d900000, 0x000000009da00000, 0x000000009da00000|100%| E|CS|TAMS 0x000000009d900000| PB 0x000000009d900000| Complete 
| 268|0x000000009da00000, 0x000000009db00000, 0x000000009db00000|100%| E|CS|TAMS 0x000000009da00000| PB 0x000000009da00000| Complete 
| 269|0x000000009db00000, 0x000000009dc00000, 0x000000009dc00000|100%| E|CS|TAMS 0x000000009db00000| PB 0x000000009db00000| Complete 

Card table byte_map: [0x000002001aea0000,0x000002001b240000] _byte_map_base: 0x000002001aa39000

Marking Bits: (CMBitMap*) 0x0000020002e5f000
 Bits: [0x000002001b240000, 0x000002001cf08000)

Polling page: 0x0000020000ce0000

Metaspace:

Usage:
  Non-class:    159.17 MB used.
      Class:     20.68 MB used.
       Both:    179.85 MB used.

Virtual space:
  Non-class space:      192.00 MB reserved,     160.00 MB ( 83%) committed,  3 nodes.
      Class space:        1.00 GB reserved,      21.62 MB (  2%) committed,  1 nodes.
             Both:        1.19 GB reserved,     181.62 MB ( 15%) committed. 

Chunk freelists:
   Non-Class:  15.75 MB
       Class:  10.30 MB
        Both:  26.04 MB

MaxMetaspaceSize: unlimited
CompressedClassSpaceSize: 1.00 GB
Initial GC threshold: 21.00 MB
Current GC threshold: 302.12 MB
CDS: on
 - commit_granule_bytes: 65536.
 - commit_granule_words: 8192.
 - virtual_space_node_default_size: 8388608.
 - enlarge_chunks_in_place: 1.
 - use_allocation_guard: 0.


Internal statistics:

num_allocs_failed_limit: 9.
num_arena_births: 4158.
num_arena_deaths: 1202.
num_vsnodes_births: 4.
num_vsnodes_deaths: 0.
num_space_committed: 2906.
num_space_uncommitted: 0.
num_chunks_returned_to_freelist: 1465.
num_chunks_taken_from_freelist: 13777.
num_chunk_merges: 307.
num_chunk_splits: 8048.
num_chunks_enlarged: 5114.
num_inconsistent_stats: 0.

CodeHeap 'non-profiled nmethods': size=119168Kb used=19648Kb max_used=19648Kb free=99519Kb
 bounds [0x0000020012e10000, 0x0000020014150000, 0x000002001a270000]
CodeHeap 'profiled nmethods': size=119104Kb used=36701Kb max_used=36701Kb free=82402Kb
 bounds [0x000002000b270000, 0x000002000d660000, 0x00000200126c0000]
CodeHeap 'non-nmethods': size=7488Kb used=1798Kb max_used=3552Kb free=5690Kb
 bounds [0x00000200126c0000, 0x0000020012a50000, 0x0000020012e10000]
 total_blobs=16798 nmethods=15998 adapters=703
 compilation: enabled
              stopped_count=0, restarted_count=0
 full_count=0

Compilation events (20 events):
Event: 5677.650 Thread 0x000002001fedaef0 37740       4       java.util.regex.Matcher::start (9 bytes)
Event: 5677.651 Thread 0x000002001fedaef0 nmethod 37740 0x000002001413fb90 code [0x000002001413fd20, 0x000002001413fdc8]
Event: 5677.876 Thread 0x00000200650022e0 37741       3       org.springframework.context.support.DefaultLifecycleProcessor::getPhase (23 bytes)
Event: 5677.880 Thread 0x00000200650022e0 nmethod 37741 0x000002000d64c790 code [0x000002000d64c960, 0x000002000d64cdd0]
Event: 5677.880 Thread 0x00000200650022e0 37742       3       org.springframework.context.support.DefaultLifecycleProcessor$LifecycleGroup::<init> (43 bytes)
Event: 5677.884 Thread 0x00000200650022e0 nmethod 37742 0x000002000d64ce90 code [0x000002000d64d060, 0x000002000d64d538]
Event: 5677.884 Thread 0x00000200650022e0 37743       3       org.springframework.context.support.DefaultLifecycleProcessor$LifecycleGroup::add (37 bytes)
Event: 5677.885 Thread 0x00000200650022e0 nmethod 37743 0x000002000d64d710 code [0x000002000d64d8e0, 0x000002000d64de50]
Event: 5677.885 Thread 0x00000200650022e0 37744       3       org.springframework.context.support.DefaultLifecycleProcessor$LifecycleGroupMember::<init> (15 bytes)
Event: 5677.885 Thread 0x00000200650022e0 nmethod 37744 0x000002000d64e010 code [0x000002000d64e1c0, 0x000002000d64e440]
Event: 5677.902 Thread 0x00000200650022e0 37745       3       java.net.NetworkInterface::enumerationFromArray (9 bytes)
Event: 5677.903 Thread 0x00000200650022e0 nmethod 37745 0x000002000d64e510 code [0x000002000d64e6c0, 0x000002000d64e920]
Event: 5677.903 Thread 0x00000200650022e0 37746       3       java.net.NetworkInterface$1::<init> (15 bytes)
Event: 5677.903 Thread 0x00000200650022e0 nmethod 37746 0x000002000d64ea10 code [0x000002000d64ebc0, 0x000002000d64ed90]
Event: 5677.941 Thread 0x00000200650022e0 37747       3       java.util.IdentityHashMap$KeyIterator::next (13 bytes)
Event: 5677.942 Thread 0x00000200650022e0 nmethod 37747 0x000002000d64ee90 code [0x000002000d64f060, 0x000002000d64f308]
Event: 5677.943 Thread 0x00000200650022e0 37748       1       org.apache.coyote.AbstractProtocol::getDomain (5 bytes)
Event: 5677.944 Thread 0x00000200650022e0 nmethod 37748 0x000002001413fe90 code [0x0000020014140020, 0x00000200141400e8]
Event: 5677.957 Thread 0x00000200650022e0 37749   !   3       org.springframework.context.support.ApplicationListenerDetector::postProcessBeforeDestruction (43 bytes)
Event: 5677.976 Thread 0x00000200650022e0 nmethod 37749 0x000002000d64f410 code [0x000002000d64f760, 0x000002000d650ad8]

GC Heap History (20 events):
Event: 5477.309 GC heap after
{Heap after GC invocations=145 (full 27):
 garbage-first heap   total 239616K, used 81367K [0x000000008ce00000, 0x0000000100000000)
  region size 1024K, 13 young (13312K), 13 survivors (13312K)
 Metaspace       used 171081K, committed 172736K, reserved 1245184K
  class space    used 19703K, committed 20608K, reserved 1048576K
}
Event: 5483.596 GC heap before
{Heap before GC invocations=146 (full 27):
 garbage-first heap   total 239616K, used 123351K [0x000000008ce00000, 0x0000000100000000)
  region size 1024K, 55 young (56320K), 13 survivors (13312K)
 Metaspace       used 171539K, committed 173184K, reserved 1245184K
  class space    used 19738K, committed 20608K, reserved 1048576K
}
Event: 5483.838 GC heap after
{Heap after GC invocations=147 (full 28):
 garbage-first heap   total 239616K, used 70016K [0x000000008ce00000, 0x0000000100000000)
  region size 1024K, 0 young (0K), 0 survivors (0K)
 Metaspace       used 171522K, committed 173184K, reserved 1245184K
  class space    used 19735K, committed 20608K, reserved 1048576K
}
Event: 5485.610 GC heap before
{Heap before GC invocations=147 (full 28):
 garbage-first heap   total 239616K, used 203136K [0x000000008ce00000, 0x0000000100000000)
  region size 1024K, 131 young (134144K), 0 survivors (0K)
 Metaspace       used 173319K, committed 174976K, reserved 1245184K
  class space    used 19928K, committed 20800K, reserved 1048576K
}
Event: 5485.618 GC heap after
{Heap after GC invocations=148 (full 28):
 garbage-first heap   total 239616K, used 82304K [0x000000008ce00000, 0x0000000100000000)
  region size 1024K, 12 young (12288K), 12 survivors (12288K)
 Metaspace       used 173319K, committed 174976K, reserved 1245184K
  class space    used 19928K, committed 20800K, reserved 1048576K
}
Event: 5491.848 GC heap before
{Heap before GC invocations=149 (full 28):
 garbage-first heap   total 239616K, used 146816K [0x000000008ce00000, 0x0000000100000000)
  region size 1024K, 71 young (72704K), 12 survivors (12288K)
 Metaspace       used 176966K, committed 178688K, reserved 1245184K
  class space    used 20461K, committed 21376K, reserved 1048576K
}
Event: 5492.005 GC heap after
{Heap after GC invocations=150 (full 29):
 garbage-first heap   total 239616K, used 75863K [0x000000008ce00000, 0x0000000100000000)
  region size 1024K, 0 young (0K), 0 survivors (0K)
 Metaspace       used 176950K, committed 178688K, reserved 1245184K
  class space    used 20458K, committed 21376K, reserved 1048576K
}
Event: 5493.500 GC heap before
{Heap before GC invocations=150 (full 29):
 garbage-first heap   total 239616K, used 204887K [0x000000008ce00000, 0x0000000100000000)
  region size 1024K, 127 young (130048K), 0 survivors (0K)
 Metaspace       used 178636K, committed 180288K, reserved 1245184K
  class space    used 20640K, committed 21504K, reserved 1048576K
}
Event: 5493.507 GC heap after
{Heap after GC invocations=151 (full 29):
 garbage-first heap   total 239616K, used 87685K [0x000000008ce00000, 0x0000000100000000)
  region size 1024K, 12 young (12288K), 12 survivors (12288K)
 Metaspace       used 178636K, committed 180288K, reserved 1245184K
  class space    used 20640K, committed 21504K, reserved 1048576K
}
Event: 5503.491 GC heap before
{Heap before GC invocations=152 (full 29):
 garbage-first heap   total 239616K, used 139909K [0x000000008ce00000, 0x0000000100000000)
  region size 1024K, 64 young (65536K), 12 survivors (12288K)
 Metaspace       used 179315K, committed 180992K, reserved 1245184K
  class space    used 20695K, committed 21568K, reserved 1048576K
}
Event: 5504.401 GC heap after
{Heap after GC invocations=153 (full 30):
 garbage-first heap   total 239616K, used 75243K [0x000000008ce00000, 0x0000000100000000)
  region size 1024K, 0 young (0K), 0 survivors (0K)
 Metaspace       used 179299K, committed 180992K, reserved 1245184K
  class space    used 20692K, committed 21568K, reserved 1048576K
}
Event: 5510.618 GC heap before
{Heap before GC invocations=153 (full 30):
 garbage-first heap   total 239616K, used 204267K [0x000000008ce00000, 0x0000000100000000)
  region size 1024K, 127 young (130048K), 0 survivors (0K)
 Metaspace       used 180023K, committed 181760K, reserved 1245184K
  class space    used 20783K, committed 21696K, reserved 1048576K
}
Event: 5510.634 GC heap after
{Heap after GC invocations=154 (full 30):
 garbage-first heap   total 311296K, used 84150K [0x000000008ce00000, 0x0000000100000000)
  region size 1024K, 9 young (9216K), 9 survivors (9216K)
 Metaspace       used 180023K, committed 181760K, reserved 1245184K
  class space    used 20783K, committed 21696K, reserved 1048576K
}
Event: 5571.059 GC heap before
{Heap before GC invocations=155 (full 30):
 garbage-first heap   total 311296K, used 261302K [0x000000008ce00000, 0x0000000100000000)
  region size 1024K, 182 young (186368K), 9 survivors (9216K)
 Metaspace       used 181772K, committed 183552K, reserved 1245184K
  class space    used 20941K, committed 21888K, reserved 1048576K
}
Event: 5571.179 GC heap after
{Heap after GC invocations=156 (full 30):
 garbage-first heap   total 311296K, used 89055K [0x000000008ce00000, 0x0000000100000000)
  region size 1024K, 14 young (14336K), 14 survivors (14336K)
 Metaspace       used 181772K, committed 183552K, reserved 1245184K
  class space    used 20941K, committed 21888K, reserved 1048576K
}
Event: 5606.746 GC heap before
{Heap before GC invocations=156 (full 30):
 garbage-first heap   total 311296K, used 136159K [0x000000008ce00000, 0x0000000100000000)
  region size 1024K, 61 young (62464K), 14 survivors (14336K)
 Metaspace       used 181775K, committed 183552K, reserved 1245184K
  class space    used 20941K, committed 21888K, reserved 1048576K
}
Event: 5608.181 GC heap after
{Heap after GC invocations=157 (full 31):
 garbage-first heap   total 276480K, used 77710K [0x000000008ce00000, 0x0000000100000000)
  region size 1024K, 0 young (0K), 0 survivors (0K)
 Metaspace       used 181757K, committed 183552K, reserved 1245184K
  class space    used 20938K, committed 21888K, reserved 1048576K
}
Event: 5613.038 GC heap before
{Heap before GC invocations=157 (full 31):
 garbage-first heap   total 276480K, used 235406K [0x000000008ce00000, 0x0000000100000000)
  region size 1024K, 155 young (158720K), 0 survivors (0K)
 Metaspace       used 183841K, committed 185600K, reserved 1245184K
  class space    used 21157K, committed 22080K, reserved 1048576K
}
Event: 5613.062 GC heap after
{Heap after GC invocations=158 (full 31):
 garbage-first heap   total 276480K, used 91400K [0x000000008ce00000, 0x0000000100000000)
  region size 1024K, 14 young (14336K), 14 survivors (14336K)
 Metaspace       used 183841K, committed 185600K, reserved 1245184K
  class space    used 21157K, committed 22080K, reserved 1048576K
}
Event: 5678.306 GC heap before
{Heap before GC invocations=159 (full 31):
 garbage-first heap   total 276480K, used 191752K [0x000000008ce00000, 0x0000000100000000)
  region size 1024K, 113 young (115712K), 14 survivors (14336K)
 Metaspace       used 184167K, committed 185984K, reserved 1245184K
  class space    used 21177K, committed 22144K, reserved 1048576K
}

Dll operation events (11 events):
Event: 0.012 Loaded shared library C:\Program Files\Java\jdk-21\bin\java.dll
Event: 0.051 Loaded shared library C:\Program Files\Java\jdk-21\bin\jsvml.dll
Event: 0.202 Loaded shared library C:\Program Files\Java\jdk-21\bin\net.dll
Event: 0.204 Loaded shared library C:\Program Files\Java\jdk-21\bin\nio.dll
Event: 0.207 Loaded shared library C:\Program Files\Java\jdk-21\bin\zip.dll
Event: 0.420 Loaded shared library C:\Program Files\Java\jdk-21\bin\jimage.dll
Event: 0.981 Loaded shared library C:\Program Files\Java\jdk-21\bin\management.dll
Event: 0.988 Loaded shared library C:\Program Files\Java\jdk-21\bin\management_ext.dll
Event: 2.650 Loaded shared library C:\Program Files\Java\jdk-21\bin\sunmscapi.dll
Event: 6.796 Loaded shared library C:\Program Files\Java\jdk-21\bin\verify.dll
Event: 7.280 Loaded shared library C:\Program Files\Java\jdk-21\bin\extnet.dll

Deoptimization events (20 events):
Event: 5613.372 Thread 0x000002006a713f10 Uncommon trap: trap_request=0xffffff45 fr.pc=0x0000020013bbb44c relative=0x0000000000001c0c
Event: 5613.372 Thread 0x000002006a713f10 Uncommon trap: reason=unstable_if action=reinterpret pc=0x0000020013bbb44c method=java.lang.reflect.Executable.declaredAnnotations()Ljava/util/Map; @ 19 c2
Event: 5613.372 Thread 0x000002006a713f10 DEOPT PACKING pc=0x0000020013bbb44c sp=0x00000058264fa8b0
Event: 5613.373 Thread 0x000002006a713f10 DEOPT UNPACKING pc=0x00000200127146a2 sp=0x00000058264fa6f0 mode 2
Event: 5613.374 Thread 0x000002006a7145a0 Uncommon trap: trap_request=0xffffff45 fr.pc=0x0000020013262574 relative=0x0000000000000cb4
Event: 5613.374 Thread 0x000002006a7145a0 Uncommon trap: reason=unstable_if action=reinterpret pc=0x0000020013262574 method=org.springframework.util.ConcurrentReferenceHashMap$Segment.doTask(ILjava/lang/Object;Lorg/springframework/util/ConcurrentReferenceHashMap$Task;)Ljava/lang/Object; @ 89 c2
Event: 5613.374 Thread 0x000002006a7145a0 DEOPT PACKING pc=0x0000020013262574 sp=0x00000058265fa4b0
Event: 5613.374 Thread 0x000002006a7145a0 DEOPT UNPACKING pc=0x00000200127146a2 sp=0x00000058265fa2a0 mode 2
Event: 5613.569 Thread 0x000002006a713f10 Uncommon trap: trap_request=0xfffffff4 fr.pc=0x0000020014056f48 relative=0x0000000000001968
Event: 5613.569 Thread 0x000002006a713f10 Uncommon trap: reason=null_check action=make_not_entrant pc=0x0000020014056f48 method=com.fasterxml.jackson.databind.type.TypeFactory._fromClass(Lcom/fasterxml/jackson/databind/type/ClassStack;Ljava/lang/Class;Lcom/fasterxml/jackson/databind/type/TypeBind
Event: 5613.569 Thread 0x000002006a713f10 DEOPT PACKING pc=0x0000020014056f48 sp=0x00000058264f9f30
Event: 5613.570 Thread 0x000002006a713f10 DEOPT UNPACKING pc=0x00000200127146a2 sp=0x00000058264f9f10 mode 2
Event: 5677.639 Thread 0x000002006798b2d0 Uncommon trap: trap_request=0xffffffbe fr.pc=0x0000020013518af4 relative=0x00000000000034d4
Event: 5677.641 Thread 0x000002006798b2d0 Uncommon trap: reason=profile_predicate action=maybe_recompile pc=0x0000020013518af4 method=org.springframework.util.AntPathMatcher.doMatch(Ljava/lang/String;Ljava/lang/String;ZLjava/util/Map;)Z @ 287 c2
Event: 5677.641 Thread 0x000002006798b2d0 DEOPT PACKING pc=0x0000020013518af4 sp=0x00000058263ff290
Event: 5677.642 Thread 0x000002006798b2d0 DEOPT UNPACKING pc=0x00000200127146a2 sp=0x00000058263ff250 mode 2
Event: 5677.649 Thread 0x000002006798b2d0 Uncommon trap: trap_request=0xffffffbe fr.pc=0x0000020013518af4 relative=0x00000000000034d4
Event: 5677.649 Thread 0x000002006798b2d0 Uncommon trap: reason=profile_predicate action=maybe_recompile pc=0x0000020013518af4 method=org.springframework.util.AntPathMatcher.doMatch(Ljava/lang/String;Ljava/lang/String;ZLjava/util/Map;)Z @ 287 c2
Event: 5677.649 Thread 0x000002006798b2d0 DEOPT PACKING pc=0x0000020013518af4 sp=0x00000058263ff290
Event: 5677.649 Thread 0x000002006798b2d0 DEOPT UNPACKING pc=0x00000200127146a2 sp=0x00000058263ff250 mode 2

Classes loaded (20 events):
Event: 5488.303 Loading class java/security/interfaces/RSAPrivateCrtKey done
Event: 5488.303 Loading class sun/security/rsa/RSAPrivateCrtKeyImpl done
Event: 5488.303 Loading class sun/security/rsa/RSAPadding
Event: 5488.303 Loading class sun/security/rsa/RSAPadding done
Event: 5488.304 Loading class jdk/internal/event/X509ValidationEvent
Event: 5488.306 Loading class jdk/internal/event/X509ValidationEvent done
Event: 5488.306 Loading class java/security/cert/PKIXCertPathValidatorResult
Event: 5488.306 Loading class java/security/cert/CertPathValidatorResult
Event: 5488.306 Loading class java/security/cert/CertPathValidatorResult done
Event: 5488.306 Loading class java/security/cert/PKIXCertPathValidatorResult done
Event: 5488.307 Loading class sun/security/validator/CADistrustPolicy
Event: 5488.307 Loading class sun/security/validator/CADistrustPolicy done
Event: 5488.307 Loading class sun/security/validator/CADistrustPolicy$1
Event: 5488.307 Loading class sun/security/validator/CADistrustPolicy$1 done
Event: 5488.307 Loading class sun/security/validator/CADistrustPolicy$2
Event: 5488.307 Loading class sun/security/validator/CADistrustPolicy$2 done
Event: 5488.307 Loading class sun/security/validator/SymantecTLSPolicy
Event: 5488.307 Loading class sun/security/validator/SymantecTLSPolicy done
Event: 5491.549 Loading class java/util/Base64$Decoder
Event: 5491.551 Loading class java/util/Base64$Decoder done

Classes unloaded (20 events):
Event: 5483.623 Thread 0x000002001fe867c0 Unloading class 0x0000020022430400 'jdk/internal/reflect/GeneratedSerializationConstructorAccessor438'
Event: 5483.623 Thread 0x000002001fe867c0 Unloading class 0x0000020022430000 'jdk/internal/reflect/GeneratedSerializationConstructorAccessor437'
Event: 5483.623 Thread 0x000002001fe867c0 Unloading class 0x000002002242c000 'jdk/internal/reflect/GeneratedSerializationConstructorAccessor436'
Event: 5483.623 Thread 0x000002001fe867c0 Unloading class 0x0000020022400c00 'org/apache/catalina/loader/JdbcLeakPrevention'
Event: 5491.871 Thread 0x000002001fe867c0 Unloading class 0x0000020022470c00 'jdk/internal/reflect/GeneratedSerializationConstructorAccessor455'
Event: 5491.871 Thread 0x000002001fe867c0 Unloading class 0x0000020022469c00 'jdk/internal/reflect/GeneratedSerializationConstructorAccessor454'
Event: 5491.871 Thread 0x000002001fe867c0 Unloading class 0x0000020022469800 'jdk/internal/reflect/GeneratedSerializationConstructorAccessor453'
Event: 5491.871 Thread 0x000002001fe867c0 Unloading class 0x0000020022468000 'jdk/internal/reflect/GeneratedSerializationConstructorAccessor452'
Event: 5491.871 Thread 0x000002001fe867c0 Unloading class 0x0000020022431800 'org/apache/catalina/loader/JdbcLeakPrevention'
Event: 5503.541 Thread 0x000002001fe867c0 Unloading class 0x0000020022521400 'jdk/internal/reflect/GeneratedSerializationConstructorAccessor471'
Event: 5503.541 Thread 0x000002001fe867c0 Unloading class 0x0000020022521000 'jdk/internal/reflect/GeneratedSerializationConstructorAccessor470'
Event: 5503.541 Thread 0x000002001fe867c0 Unloading class 0x0000020022520000 'jdk/internal/reflect/GeneratedSerializationConstructorAccessor469'
Event: 5503.541 Thread 0x000002001fe867c0 Unloading class 0x000002002251c000 'jdk/internal/reflect/GeneratedSerializationConstructorAccessor468'
Event: 5503.541 Thread 0x000002001fe867c0 Unloading class 0x00000200224f0000 'org/apache/catalina/loader/JdbcLeakPrevention'
Event: 5606.950 Thread 0x000002001fe867c0 Unloading class 0x0000020022562c00 'jdk/internal/reflect/GeneratedSerializationConstructorAccessor487'
Event: 5606.950 Thread 0x000002001fe867c0 Unloading class 0x0000020022561800 'jdk/internal/reflect/GeneratedSerializationConstructorAccessor486'
Event: 5606.950 Thread 0x000002001fe867c0 Unloading class 0x0000020022561400 'jdk/internal/reflect/GeneratedSerializationConstructorAccessor485'
Event: 5606.951 Thread 0x000002001fe867c0 Unloading class 0x0000020022558800 'jdk/internal/reflect/GeneratedSerializationConstructorAccessor484'
Event: 5606.951 Thread 0x000002001fe867c0 Unloading class 0x0000020022530000 'org/apache/catalina/loader/JdbcLeakPrevention'
Event: 5606.951 Thread 0x000002001fe867c0 Unloading class 0x0000020022522800 'org/apache/catalina/loader/JdbcLeakPrevention'

Classes redefined (0 events):
No events

Internal exceptions (20 events):
Event: 5610.528 Thread 0x0000020067986410 Exception <a 'java/io/FileNotFoundException'{0x000000009a1f4b50}> (0x000000009a1f4b50) 
thrown [s\open\src\hotspot\share\prims\jni.cpp, line 520]
Event: 5611.951 Thread 0x0000020067986410 Exception <a 'java/lang/IllegalArgumentException'{0x000000009733f5e0}: Wrong type at constant pool index> (0x000000009733f5e0) 
thrown [s\open\src\hotspot\share\prims\jvm.cpp, line 2168]
Event: 5611.951 Thread 0x0000020067986410 Exception <a 'java/lang/IllegalArgumentException'{0x00000000973406b8}: Wrong type at constant pool index> (0x00000000973406b8) 
thrown [s\open\src\hotspot\share\prims\jvm.cpp, line 2168]
Event: 5611.992 Thread 0x0000020067986410 Exception <a 'java/lang/IllegalArgumentException'{0x00000000971d74c0}: Wrong type at constant pool index> (0x00000000971d74c0) 
thrown [s\open\src\hotspot\share\prims\jvm.cpp, line 2168]
Event: 5611.992 Thread 0x0000020067986410 Exception <a 'java/lang/IllegalArgumentException'{0x00000000971d8598}: Wrong type at constant pool index> (0x00000000971d8598) 
thrown [s\open\src\hotspot\share\prims\jvm.cpp, line 2168]
Event: 5612.001 Thread 0x0000020067986410 Exception <a 'java/lang/IllegalArgumentException'{0x000000009706fa88}: Wrong type at constant pool index> (0x000000009706fa88) 
thrown [s\open\src\hotspot\share\prims\jvm.cpp, line 2168]
Event: 5612.001 Thread 0x0000020067986410 Exception <a 'java/lang/IllegalArgumentException'{0x0000000097070b60}: Wrong type at constant pool index> (0x0000000097070b60) 
thrown [s\open\src\hotspot\share\prims\jvm.cpp, line 2168]
Event: 5612.037 Thread 0x0000020067986410 Exception <a 'java/lang/IllegalArgumentException'{0x0000000096d39510}: Wrong type at constant pool index> (0x0000000096d39510) 
thrown [s\open\src\hotspot\share\prims\jvm.cpp, line 2168]
Event: 5612.037 Thread 0x0000020067986410 Exception <a 'java/lang/IllegalArgumentException'{0x0000000096d3a5e8}: Wrong type at constant pool index> (0x0000000096d3a5e8) 
thrown [s\open\src\hotspot\share\prims\jvm.cpp, line 2168]
Event: 5612.050 Thread 0x0000020067986410 Exception <a 'java/lang/IllegalArgumentException'{0x0000000096c32400}: Wrong type at constant pool index> (0x0000000096c32400) 
thrown [s\open\src\hotspot\share\prims\jvm.cpp, line 2168]
Event: 5612.050 Thread 0x0000020067986410 Exception <a 'java/lang/IllegalArgumentException'{0x0000000096c334d8}: Wrong type at constant pool index> (0x0000000096c334d8) 
thrown [s\open\src\hotspot\share\prims\jvm.cpp, line 2168]
Event: 5612.068 Thread 0x0000020067986410 Exception <a 'java/lang/IllegalArgumentException'{0x0000000096b32ca0}: Wrong type at constant pool index> (0x0000000096b32ca0) 
thrown [s\open\src\hotspot\share\prims\jvm.cpp, line 2168]
Event: 5612.068 Thread 0x0000020067986410 Exception <a 'java/lang/IllegalArgumentException'{0x0000000096b33d78}: Wrong type at constant pool index> (0x0000000096b33d78) 
thrown [s\open\src\hotspot\share\prims\jvm.cpp, line 2168]
Event: 5612.194 Thread 0x0000020067986410 Exception <a 'sun/nio/fs/WindowsException'{0x000000009655bb28}> (0x000000009655bb28) 
thrown [s\open\src\hotspot\share\prims\jni.cpp, line 520]
Event: 5612.194 Thread 0x0000020067986410 Exception <a 'sun/nio/fs/WindowsException'{0x000000009655cbc8}> (0x000000009655cbc8) 
thrown [s\open\src\hotspot\share\prims\jni.cpp, line 520]
Event: 5613.569 Thread 0x000002006a713f10 Implicit null exception at 0x0000020014055c9b to 0x0000020014056f18
Event: 5678.000 Thread 0x0000020067989f20 Exception <a 'java/lang/InterruptedException'{0x0000000097fb04f0}: sleep interrupted> (0x0000000097fb04f0) 
thrown [s\open\src\hotspot\share\prims\jvm.cpp, line 3074]
Event: 5678.093 Thread 0x0000020067867030 Exception <a 'java/io/IOException'{0x00000000979bf1c8}> (0x00000000979bf1c8) 
thrown [s\open\src\hotspot\share\prims\jni.cpp, line 520]
Event: 5678.116 Thread 0x0000020067867030 Exception <a 'java/io/IOException'{0x00000000979c0090}> (0x00000000979c0090) 
thrown [s\open\src\hotspot\share\prims\jni.cpp, line 520]
Event: 5678.300 Thread 0x0000020067988b70 Exception <a 'java/lang/InterruptedException'{0x00000000979ef218}: sleep interrupted> (0x00000000979ef218) 
thrown [s\open\src\hotspot\share\prims\jvm.cpp, line 3074]

ZGC Phase Switch (0 events):
No events

VM Operations (20 events):
Event: 5613.183 Executing VM operation: G1PauseRemark done
Event: 5613.204 Executing VM operation: G1PauseCleanup
Event: 5613.204 Executing VM operation: G1PauseCleanup done
Event: 5614.216 Executing VM operation: Cleanup
Event: 5614.216 Executing VM operation: Cleanup done
Event: 5615.224 Executing VM operation: Cleanup
Event: 5615.224 Executing VM operation: Cleanup done
Event: 5616.230 Executing VM operation: Cleanup
Event: 5616.230 Executing VM operation: Cleanup done
Event: 5619.254 Executing VM operation: Cleanup
Event: 5619.254 Executing VM operation: Cleanup done
Event: 5652.428 Executing VM operation: HandshakeAllThreads (HandshakeForDeflation)
Event: 5652.429 Executing VM operation: HandshakeAllThreads (HandshakeForDeflation) done
Event: 5652.429 Executing VM operation: RendezvousGCThreads
Event: 5652.429 Executing VM operation: RendezvousGCThreads done
Event: 5667.544 Executing VM operation: Cleanup
Event: 5667.545 Executing VM operation: Cleanup done
Event: 5674.597 Executing VM operation: Cleanup
Event: 5674.597 Executing VM operation: Cleanup done
Event: 5678.304 Executing VM operation: G1CollectFull (System.gc())

Events (20 events):
Event: 5677.718 Thread 0x000002006798b2d0 Thread exited: 0x000002006798b2d0
Event: 5677.933 Thread 0x0000020067865c80 Thread exited: 0x0000020067865c80
Event: 5677.936 Thread 0x00000200678655f0 Thread exited: 0x00000200678655f0
Event: 5677.944 Thread 0x0000020067866310 Thread exited: 0x0000020067866310
Event: 5677.944 Thread 0x000002006a711e40 Thread exited: 0x000002006a711e40
Event: 5677.944 Thread 0x0000020067868a70 Thread exited: 0x0000020067868a70
Event: 5677.944 Thread 0x000002006a714c30 Thread exited: 0x000002006a714c30
Event: 5677.944 Thread 0x000002006a7152c0 Thread exited: 0x000002006a7152c0
Event: 5677.945 Thread 0x000002006a7145a0 Thread exited: 0x000002006a7145a0
Event: 5677.945 Thread 0x000002006a715950 Thread exited: 0x000002006a715950
Event: 5677.945 Thread 0x0000020067867030 Thread exited: 0x0000020067867030
Event: 5677.945 Thread 0x000002006a711120 Thread exited: 0x000002006a711120
Event: 5677.945 Thread 0x000002006a713f10 Thread exited: 0x000002006a713f10
Event: 5678.001 Thread 0x0000020067989f20 Thread exited: 0x0000020067989f20
Event: 5678.074 Thread 0x0000020067867030 Thread added: 0x0000020067867030
Event: 5678.077 Thread 0x00000200679856f0 Thread exited: 0x00000200679856f0
Event: 5678.153 Thread 0x0000020067867030 Thread exited: 0x0000020067867030
Event: 5678.299 Thread 0x0000020067985060 Thread exited: 0x0000020067985060
Event: 5678.299 Thread 0x0000020067987e50 Thread exited: 0x0000020067987e50
Event: 5678.300 Thread 0x0000020067988b70 Thread exited: 0x0000020067988b70


Dynamic libraries:
0x00007ff7c08e0000 - 0x00007ff7c08f0000 	C:\Program Files\Java\jdk-21\bin\javaw.exe
0x00007ffd25680000 - 0x00007ffd258e6000 	C:\WINDOWS\SYSTEM32\ntdll.dll
0x00007ffd23430000 - 0x00007ffd234f9000 	C:\WINDOWS\System32\KERNEL32.DLL
0x00007ffd22b80000 - 0x00007ffd22f7a000 	C:\WINDOWS\System32\KERNELBASE.dll
0x00007ffd232a0000 - 0x00007ffd233ec000 	C:\WINDOWS\System32\ucrtbase.dll
0x00007ffd07b20000 - 0x00007ffd07b39000 	C:\Program Files\Java\jdk-21\bin\jli.dll
0x00007ffd24a10000 - 0x00007ffd24ac6000 	C:\WINDOWS\System32\ADVAPI32.dll
0x00007ffcf5aa0000 - 0x00007ffcf5abb000 	C:\Program Files\Java\jdk-21\bin\VCRUNTIME140.dll
0x00007ffd236c0000 - 0x00007ffd23769000 	C:\WINDOWS\System32\msvcrt.dll
0x00007ffd24370000 - 0x00007ffd2441a000 	C:\WINDOWS\System32\sechost.dll
0x00007ffd24d20000 - 0x00007ffd24e38000 	C:\WINDOWS\System32\RPCRT4.dll
0x00007ffd24840000 - 0x00007ffd24a07000 	C:\WINDOWS\System32\USER32.dll
0x00007ffd21b10000 - 0x00007ffd21da2000 	C:\WINDOWS\WinSxS\amd64_microsoft.windows.common-controls_6595b64144ccf1df_6.0.26100.8521_none_3e08b75ce33403b3\COMCTL32.dll
0x00007ffd22910000 - 0x00007ffd22937000 	C:\WINDOWS\System32\win32u.dll
0x00007ffd24cf0000 - 0x00007ffd24d1b000 	C:\WINDOWS\System32\GDI32.dll
0x00007ffd23030000 - 0x00007ffd2315b000 	C:\WINDOWS\System32\gdi32full.dll
0x00007ffd14770000 - 0x00007ffd1477b000 	C:\WINDOWS\SYSTEM32\VERSION.dll
0x00007ffd22f80000 - 0x00007ffd23023000 	C:\WINDOWS\System32\msvcp_win.dll
0x00007ffd246f0000 - 0x00007ffd24722000 	C:\WINDOWS\System32\IMM32.DLL
0x00007ffd07b10000 - 0x00007ffd07b1c000 	C:\Program Files\Java\jdk-21\bin\vcruntime140_1.dll
0x00007ffcef110000 - 0x00007ffcef19e000 	C:\Program Files\Java\jdk-21\bin\msvcp140.dll
0x00007ffbc72d0000 - 0x00007ffbc7fdd000 	C:\Program Files\Java\jdk-21\bin\server\jvm.dll
0x00007ffd23ce0000 - 0x00007ffd23d60000 	C:\WINDOWS\System32\WS2_32.dll
0x00007ffd22770000 - 0x00007ffd227ce000 	C:\WINDOWS\SYSTEM32\POWRPROF.dll
0x00007ffd157c0000 - 0x00007ffd157f6000 	C:\WINDOWS\SYSTEM32\WINMM.dll
0x00007ffd22750000 - 0x00007ffd22764000 	C:\WINDOWS\SYSTEM32\UMPDC.dll
0x00007ffd20d70000 - 0x00007ffd20d8b000 	C:\WINDOWS\SYSTEM32\kernel.appcore.dll
0x00007ffd03af0000 - 0x00007ffd03afa000 	C:\Program Files\Java\jdk-21\bin\jimage.dll
0x00007ffd220e0000 - 0x00007ffd22322000 	C:\WINDOWS\SYSTEM32\DBGHELP.DLL
0x00007ffd23950000 - 0x00007ffd23cd3000 	C:\WINDOWS\System32\combase.dll
0x00007ffd24600000 - 0x00007ffd246d9000 	C:\WINDOWS\System32\OLEAUT32.dll
0x00007ffd21fb0000 - 0x00007ffd21feb000 	C:\WINDOWS\SYSTEM32\dbgcore.DLL
0x00007ffd23160000 - 0x00007ffd23208000 	C:\WINDOWS\System32\bcryptPrimitives.dll
0x00007ffcf57c0000 - 0x00007ffcf57df000 	C:\Program Files\Java\jdk-21\bin\java.dll
0x00007ffd24e40000 - 0x00007ffd255c4000 	C:\WINDOWS\System32\SHELL32.dll
0x00007ffd1fa40000 - 0x00007ffd202c0000 	C:\WINDOWS\SYSTEM32\windows.storage.dll
0x00007ffd235c0000 - 0x00007ffd236b6000 	C:\WINDOWS\System32\SHCORE.dll
0x00007ffd255d0000 - 0x00007ffd25637000 	C:\WINDOWS\System32\shlwapi.dll
0x00007ffd22830000 - 0x00007ffd22859000 	C:\WINDOWS\SYSTEM32\profapi.dll
0x00007ffcdf750000 - 0x00007ffcdf827000 	C:\Program Files\Java\jdk-21\bin\jsvml.dll
0x00007ffd02e10000 - 0x00007ffd02e20000 	C:\Program Files\Java\jdk-21\bin\net.dll
0x00007ffd15e00000 - 0x00007ffd15f29000 	C:\WINDOWS\SYSTEM32\WINHTTP.dll
0x00007ffd212a0000 - 0x00007ffd2130c000 	C:\WINDOWS\system32\mswsock.dll
0x00007ffcf5030000 - 0x00007ffcf5046000 	C:\Program Files\Java\jdk-21\bin\nio.dll
0x00007ffcf5010000 - 0x00007ffcf5028000 	C:\Program Files\Java\jdk-21\bin\zip.dll
0x00007ffd07030000 - 0x00007ffd0703a000 	C:\Program Files\Java\jdk-21\bin\management.dll
0x00007ffd07020000 - 0x00007ffd0702b000 	C:\Program Files\Java\jdk-21\bin\management_ext.dll
0x00007ffd24260000 - 0x00007ffd24268000 	C:\WINDOWS\System32\PSAPI.DLL
0x00007ffcf61b0000 - 0x00007ffcf61be000 	C:\Program Files\Java\jdk-21\bin\sunmscapi.dll
0x00007ffd22940000 - 0x00007ffd22ab8000 	C:\WINDOWS\System32\CRYPT32.dll
0x00007ffd219d0000 - 0x00007ffd21a00000 	C:\WINDOWS\SYSTEM32\ncrypt.dll
0x00007ffd21980000 - 0x00007ffd219bf000 	C:\WINDOWS\SYSTEM32\NTASN1.dll
0x00007ffd22430000 - 0x00007ffd2244b000 	C:\WINDOWS\SYSTEM32\CRYPTSP.dll
0x00007ffd21620000 - 0x00007ffd21659000 	C:\WINDOWS\system32\rsaenh.dll
0x00007ffd21350000 - 0x00007ffd21383000 	C:\WINDOWS\SYSTEM32\USERENV.dll
0x00007ffd22800000 - 0x00007ffd2282a000 	C:\WINDOWS\SYSTEM32\bcrypt.dll
0x00007ffd215f0000 - 0x00007ffd215fc000 	C:\WINDOWS\SYSTEM32\CRYPTBASE.dll
0x00007ffd207c0000 - 0x00007ffd207f3000 	C:\WINDOWS\SYSTEM32\IPHLPAPI.DLL
0x00007ffd23410000 - 0x00007ffd2341a000 	C:\WINDOWS\System32\NSI.dll
0x00007ffd013f0000 - 0x00007ffd01400000 	C:\Program Files\Java\jdk-21\bin\verify.dll
0x00007ffd20860000 - 0x00007ffd209aa000 	C:\WINDOWS\SYSTEM32\DNSAPI.dll
0x00007ffd210a0000 - 0x00007ffd210ad000 	C:\WINDOWS\SYSTEM32\DSPARSE.dll
0x00007ffd14f50000 - 0x00007ffd14f5b000 	C:\Windows\System32\rasadhlp.dll
0x00007ffd1b310000 - 0x00007ffd1b396000 	C:\WINDOWS\System32\fwpuclnt.dll
0x00007ffcf57b0000 - 0x00007ffcf57b9000 	C:\Program Files\Java\jdk-21\bin\extnet.dll
0x00007ffcb60d0000 - 0x00007ffcb60d8000 	C:\WINDOWS\system32\wshunix.dll

dbghelp: loaded successfully - version: 4.0.5 - missing functions: none
symbol engine: initialized successfully - sym options: 0x614 - pdb path: .;C:\Program Files\Java\jdk-21\bin;C:\WINDOWS\SYSTEM32;C:\WINDOWS\WinSxS\amd64_microsoft.windows.common-controls_6595b64144ccf1df_6.0.26100.8521_none_3e08b75ce33403b3;C:\Program Files\Java\jdk-21\bin\server

VM Arguments:
jvm_args: -Dfile.encoding=UTF-8 -Dstdout.encoding=UTF-8 -Dstderr.encoding=UTF-8 -XX:+ShowCodeDetailsInExceptionMessages 
java_command: com.superBoy.FoodieHub.FoodieHubApplication
java_class_path (initial): C:\FoodieHub\target\classes;C:\Users\vinay\.m2\repository\org\springframework\boot\spring-boot-starter-web\3.3.2\spring-boot-starter-web-3.3.2.jar;C:\Users\vinay\.m2\repository\org\springframework\boot\spring-boot-starter\3.3.2\spring-boot-starter-3.3.2.jar;C:\Users\vinay\.m2\repository\org\springframework\boot\spring-boot-starter-logging\3.3.2\spring-boot-starter-logging-3.3.2.jar;C:\Users\vinay\.m2\repository\ch\qos\logback\logback-classic\1.5.6\logback-classic-1.5.6.jar;C:\Users\vinay\.m2\repository\ch\qos\logback\logback-core\1.5.6\logback-core-1.5.6.jar;C:\Users\vinay\.m2\repository\org\apache\logging\log4j\log4j-to-slf4j\2.23.1\log4j-to-slf4j-2.23.1.jar;C:\Users\vinay\.m2\repository\org\apache\logging\log4j\log4j-api\2.23.1\log4j-api-2.23.1.jar;C:\Users\vinay\.m2\repository\org\slf4j\jul-to-slf4j\2.0.13\jul-to-slf4j-2.0.13.jar;C:\Users\vinay\.m2\repository\jakarta\annotation\jakarta.annotation-api\2.1.1\jakarta.annotation-api-2.1.1.jar;C:\Users\vinay\.m2\repository\org\yaml\snakeyaml\2.2\snakeyaml-2.2.jar;C:\Users\vinay\.m2\repository\org\springframework\boot\spring-boot-starter-json\3.3.2\spring-boot-starter-json-3.3.2.jar;C:\Users\vinay\.m2\repository\com\fasterxml\jackson\core\jackson-databind\2.17.2\jackson-databind-2.17.2.jar;C:\Users\vinay\.m2\repository\com\fasterxml\jackson\core\jackson-annotations\2.17.2\jackson-annotations-2.17.2.jar;C:\Users\vinay\.m2\repository\com\fasterxml\jackson\core\jackson-core\2.17.2\jackson-core-2.17.2.jar;C:\Users\vinay\.m2\repository\com\fasterxml\jackson\datatype\jackson-datatype-jdk8\2.17.2\jackson-datatype-jdk8-2.17.2.jar;C:\Users\vinay\.m2\repository\com\fasterxml\jackson\datatype\jackson-datatype-jsr310\2.17.2\jackson-datatype-jsr310-2.17.2.jar;C:\Users\vinay\.m2\repository\com\fasterxml\jackson\module\jackson-module-parameter-names\2.17.2\jackson-module-parameter-names-2.17.2.jar;C:\Users\vinay\.m2\repository\org\springframework\boot\spring-boot-starter-tomcat\3.3.2\spring-boot-starter-tomcat-3.3.2.jar;C:\Users\vinay\.m2\repository\org\apache\tomcat\embed\tomcat-embed-core\10.1.26\tomcat-embed-core-10.1.26.jar;C:\Users\vinay\.m2\repository\org\apache\tomcat\embed\tomcat-embed-websocket\10.1.26\tomcat-embed-websocket-10.1.26.jar;C:\Users\vinay\.m2\repository\org\springframework\spring-web\6.1.11\spring-web-6.1.11.jar;C:\Users\vinay\.m2\repository\org\springframework\spring-beans\6.1.11\spring-beans-6.1.11.jar;C:\Users\vinay\.m2\repository\io\micrometer\micrometer-observation\1.13.2\micrometer-observation-1.13.2.jar;C:\Users\vinay\.m2\repository\io\micrometer\micrometer-commons\1.13.2\micrometer-commons-1.13.2.jar;C:\Users\vinay\.m2\repository\org\springframework\spring-webmvc\6.1.11\spring-webmvc-6.1.11.jar;C:\Users\vinay\.m2\repository\org\springframework\spring-context\6.1.11\spring-context-6.1.11.jar;C:\Users\vinay\.m2\repository\org\springframework\spring-expression\6.1.11\spring-expression-6.1.11.jar;C:\Users\vinay\.m2\repository\org\springframework\boot\spring-boot-starter-data-jpa\3.3.2\spring-boot-starter-data-jpa-3.3.2.jar;C:\Users\vinay\.m2\repository\org\springframework\boot\spring-boot-starter-aop\3.3.2\spring-boot-starter-aop-3.3.2.jar;C:\Users\vinay\.m2\repository\org\aspectj\aspectjweaver\1.9.22.1\aspectjweaver-1.9.22.1.jar;C:\Users\vinay\.m2\repository\org\springframework\boot\spring-boot-starter-jdbc\3.3.2\spring-boot-starter-jdbc-3.3.2.jar;C:\Users\vinay\.m2\repository\com\zaxxer\HikariCP\5.1.0\HikariCP-5.1.0.jar;C:\Users\vinay\.m2\repository\org\springframework\spring-jdbc\6.1.11\spring-jdbc-6.1.11.jar;C:\Users\vinay\.m2\repository\org\hibernate\orm\hibernate-core\6.5.2.Final\hibernate-core-6.5.2.Final.jar;C:\Users\vinay\.m2\repository\jakarta\persistence\jakarta.persistence-api\3.1.0\jakarta.persistence-api-3.1.0.jar;C:\Users\vinay\.m2\repository\jakarta\transaction\jakarta.transaction-api\2.0.1\jakarta.transaction-api-2.0.1.jar;C:\Users\vinay\.m2\repository\org\jboss\logging\jboss-logging\3.5.3.Final\jboss-logging-3.5.3.Final.jar;C:\Users\vinay\.m2\repository\org\hibernate\common\hibernate-commons-annotations\6.0.6.Final\hibernate-commons-annotations-6.0.6.Final.jar;C:\Users\vinay\.m2\repository\io\smallrye\jandex\3.1.2\jandex-3.1.2.jar;C:\Users\vinay\.m2\repository\com\fasterxml\classmate\1.7.0\classmate-1.7.0.jar;C:\Users\vinay\.m2\repository\net\bytebuddy\byte-buddy\1.14.18\byte-buddy-1.14.18.jar;C:\Users\vinay\.m2\repository\org\glassfish\jaxb\jaxb-runtime\4.0.5\jaxb-runtime-4.0.5.jar;C:\Users\vinay\.m2\repository\org\glassfish\jaxb\jaxb-core\4.0.5\jaxb-core-4.0.5.jar;C:\Users\vinay\.m2\repository\org\eclipse\angus\angus-activation\2.0.2\angus-activation-2.0.2.jar;C:\Users\vinay\.m2\repository\org\glassfish\jaxb\txw2\4.0.5\txw2-4.0.5.jar;C:\Users\vinay\.m2\repository\com\sun\istack\istack-commons-runtime\4.1.2\istack-commons-runtime-4.1.2.jar;C:\Users\vinay\.m2\repository\jakarta\inject\jakarta.inject-api\2.0.1\jakarta.inject-api-2.0.1.jar;C:\Users\vinay\.m2\repository\org\antlr\antlr4-runtime\4.13.0\antlr4-runtime-4.13.0.jar;C:\Users\vinay\.m2\repository\org\springframework\data\spring-data-jpa\3.3.2\spring-data-jpa-3.3.2.jar;C:\Users\vinay\.m2\repository\org\springframework\data\spring-data-commons\3.3.2\spring-data-commons-3.3.2.jar;C:\Users\vinay\.m2\repository\org\springframework\spring-orm\6.1.11\spring-orm-6.1.11.jar;C:\Users\vinay\.m2\repository\org\springframework\spring-tx\6.1.11\spring-tx-6.1.11.jar;C:\Users\vinay\.m2\repository\org\slf4j\slf4j-api\2.0.13\slf4j-api-2.0.13.jar;C:\Users\vinay\.m2\repository\org\springframework\spring-aspects\6.1.11\spring-aspects-6.1.11.jar;C:\Users\vinay\.m2\repository\org\springframework\boot\spring-boot-starter-security\3.3.2\spring-boot-starter-security-3.3.2.jar;C:\Users\vinay\.m2\repository\org\springframework\spring-aop\6.1.11\spring-aop-6.1.11.jar;C:\Users\vinay\.m2\repository\org\springframework\security\spring-security-config\6.3.1\spring-security-config-6.3.1.jar;C:\Users\vinay\.m2\repository\org\springframework\security\spring-security-web\6.3.1\spring-security-web-6.3.1.jar;C:\Users\vinay\.m2\repository\org\springframework\boot\spring-boot-starter-validation\3.3.2\spring-boot-starter-validation-3.3.2.jar;C:\Users\vinay\.m2\repository\org\apache\tomcat\embed\tomcat-embed-el\10.1.26\tomcat-embed-el-10.1.26.jar;C:\Users\vinay\.m2\repository\org\hibernate\validator\hibernate-validator\8.0.1.Final\hibernate-validator-8.0.1.Final.jar;C:\Users\vinay\.m2\repository\jakarta\validation\jakarta.validation-api\3.0.2\jakarta.validation-api-3.0.2.jar;C:\Users\vinay\.m2\repository\com\mysql\mysql-connector-j\8.3.0\mysql-connector-j-8.3.0.jar;C:\Users\vinay\.m2\repository\org\modelmapper\modelmapper\3.2.0\modelmapper-3.2.0.jar;C:\Users\vinay\.m2\repository\software\amazon\awssdk\s3\2.25.20\s3-2.25.20.jar;C:\Users\vinay\.m2\repository\software\amazon\awssdk\aws-xml-protocol\2.25.20\aws-xml-protocol-2.25.20.jar;C:\Users\vinay\.m2\repository\software\amazon\awssdk\aws-query-protocol\2.25.20\aws-query-protocol-2.25.20.jar;C:\Users\vinay\.m2\repository\software\amazon\awssdk\protocol-core\2.25.20\protocol-core-2.25.20.jar;C:\Users\vinay\.m2\repository\software\amazon\awssdk\arns\2.25.20\arns-2.25.20.jar;C:\Users\vinay\.m2\repository\software\amazon\awssdk\profiles\2.25.20\profiles-2.25.20.jar;C:\Users\vinay\.m2\repository\software\amazon\awssdk\crt-core\2.25.20\crt-core-2.25.20.jar;C:\Users\vinay\.m2\repository\software\amazon\awssdk\http-auth\2.25.20\http-auth-2.25.20.jar;C:\Users\vinay\.m2\repository\software\amazon\awssdk\identity-spi\2.25.20\identity-spi-2.25.20.jar;C:\Users\vinay\.m2\repository\software\amazon\awssdk\http-auth-spi\2.25.20\http-auth-spi-2.25.20.jar;C:\Users\vinay\.m2\repository\org\reactivestreams\reactive-streams\1.0.4\reactive-streams-1.0.4.jar;C:\Users\vinay\.m2\repository\software\amazon\awssdk\http-auth-aws\2.25.20\http-auth-aws-2.25.20.jar;C:\Users\vinay\.m2\repository\software\amazon\awssdk\checksums\2.25.20\checksums-2.25.20.jar;C:\Users\vinay\.m2\repository\software\amazon\awssdk\checksums-spi\2.25.20\checksums-spi-2.25.20.jar;C:\Users\vinay\.m2\repository\software\amazon\awssdk\sdk-core\2.25.20\sdk-core-2.25.20.jar;C:\Users\vinay\.m2\repository\software\amazon\awssdk\auth\2.25.20\auth-2.25.20.jar;C:\Users\vinay\.m2\repository\software\amazon\eventstream\eventstream\1.0.1\eventstream-1.0.1.jar;C:\Users\vinay\.m2\repository\software\amazon\awssdk\http-client-spi\2.25.20\http-client-spi-2.25.20.jar;C:\Users\vinay\.m2\repository\software\amazon\awssdk\regions\2.25.20\regions-2.25.20.jar;C:\Users\vinay\.m2\repository\software\amazon\awssdk\annotations\2.25.20\annotations-2.25.20.jar;C:\Users\vinay\.m2\repository\software\amazon\awssdk\utils\2.25.20\utils-2.25.20.jar;C:\Users\vinay\.m2\repository\software\amazon\awssdk\aws-core\2.25.20\aws-core-2.25.20.jar;C:\Users\vinay\.m2\repository\software\amazon\awssdk\metrics-spi\2.25.20\metrics-spi-2.25.20.jar;C:\Users\vinay\.m2\repository\software\amazon\awssdk\json-utils\2.25.20\json-utils-2.25.20.jar;C:\Users\vinay\.m2\repository\software\amazon\awssdk\third-party-jackson-core\2.25.20\third-party-jackson-core-2.25.20.jar;C:\Users\vinay\.m2\repository\software\amazon\awssdk\endpoints-spi\2.25.20\endpoints-spi-2.25.20.jar;C:\Users\vinay\.m2\repository\software\amazon\awssdk\apache-client\2.25.20\apache-client-2.25.20.jar;C:\Users\vinay\.m2\repository\org\apache\httpcomponents\httpclient\4.5.13\httpclient-4.5.13.jar;C:\Users\vinay\.m2\repository\org\apache\httpcomponents\httpcore\4.4.16\httpcore-4.4.16.jar;C:\Users\vinay\.m2\repository\software\amazon\awssdk\netty-nio-client\2.25.20\netty-nio-client-2.25.20.jar;C:\Users\vinay\.m2\repository\io\netty\netty-codec-http\4.1.111.Final\netty-codec-http-4.1.111.Final.jar;C:\Users\vinay\.m2\repository\io\netty\netty-codec-http2\4.1.111.Final\netty-codec-http2-4.1.111.Final.jar;C:\Users\vinay\.m2\repository\io\netty\netty-codec\4.1.111.Final\netty-codec-4.1.111.Final.jar;C:\Users\vinay\.m2\repository\io\netty\netty-transport\4.1.111.Final\netty-transport-4.1.111.Final.jar;C:\Users\vinay\.m2\repository\io\netty\netty-common\4.1.111.Final\netty-common-4.1.111.Final.jar;C:\Users\vinay\.m2\repository\io\netty\netty-buffer\4.1.111.Final\netty-buffer-4.1.111.Final.jar;C:\Users\vinay\.m2\repository\io\netty\netty-handler\4.1.111.Final\netty-handler-4.1.111.Final.jar;C:\Users\vinay\.m2\repository\io\netty\netty-transport-native-unix-common\4.1.111.Final\netty-transport-native-unix-common-4.1.111.Final.jar;C:\Users\vinay\.m2\repository\io\netty\netty-transport-classes-epoll\4.1.111.Final\netty-transport-classes-epoll-4.1.111.Final.jar;C:\Users\vinay\.m2\repository\io\netty\netty-resolver\4.1.111.Final\netty-resolver-4.1.111.Final.jar;C:\Users\vinay\.m2\repository\com\razorpay\razorpay-java\1.4.3\razorpay-java-1.4.3.jar;C:\Users\vinay\.m2\repository\org\json\json\20180130\json-20180130.jar;C:\Users\vinay\.m2\repository\com\squareup\okhttp3\okhttp\4.12.0\okhttp-4.12.0.jar;C:\Users\vinay\.m2\repository\com\squareup\okio\okio\3.6.0\okio-3.6.0.jar;C:\Users\vinay\.m2\repository\com\squareup\okio\okio-jvm\3.6.0\okio-jvm-3.6.0.jar;C:\Users\vinay\.m2\repository\org\jetbrains\kotlin\kotlin-stdlib-common\1.9.24\kotlin-stdlib-common-1.9.24.jar;C:\Users\vinay\.m2\repository\org\jetbrains\kotlin\kotlin-stdlib-jdk8\1.9.24\kotlin-stdlib-jdk8-1.9.24.jar;C:\Users\vinay\.m2\repository\org\jetbrains\kotlin\kotlin-stdlib\1.9.24\kotlin-stdlib-1.9.24.jar;C:\Users\vinay\.m2\repository\org\jetbrains\annotations\13.0\annotations-13.0.jar;C:\Users\vinay\.m2\repository\org\jetbrains\kotlin\kotlin-stdlib-jdk7\1.9.24\kotlin-stdlib-jdk7-1.9.24.jar;C:\Users\vinay\.m2\repository\com\squareup\okhttp3\logging-interceptor\4.12.0\logging-interceptor-4.12.0.jar;C:\Users\vinay\.m2\repository\commons-codec\commons-codec\1.16.1\commons-codec-1.16.1.jar;C:\Users\vinay\.m2\repository\org\apache\commons\commons-text\1.3\commons-text-1.3.jar;C:\Users\vinay\.m2\repository\org\apache\commons\commons-lang3\3.14.0\commons-lang3-3.14.0.jar;C:\Users\vinay\.m2\repository\org\springdoc\springdoc-openapi-starter-webmvc-ui\2.6.0\springdoc-openapi-starter-webmvc-ui-2.6.0.jar;C:\Users\vinay\.m2\repository\org\springdoc\springdoc-openapi-starter-webmvc-api\2.6.0\springdoc-openapi-starter-webmvc-api-2.6.0.jar;C:\Users\vinay\.m2\repository\org\springdoc\springdoc-openapi-starter-common\2.6.0\springdoc-openapi-starter-common-2.6.0.jar;C:\Users\vinay\.m2\repository\io\swagger\core\v3\swagger-core-jakarta\2.2.22\swagger-core-jakarta-2.2.22.jar;C:\Users\vinay\.m2\repository\io\swagger\core\v3\swagger-annotations-jakarta\2.2.22\swagger-annotations-jakarta-2.2.22.jar;C:\Users\vinay\.m2\repository\io\swagger\core\v3\swagger-models-jakarta\2.2.22\swagger-models-jakarta-2.2.22.jar;C:\Users\vinay\.m2\repository\com\fasterxml\jackson\dataformat\jackson-dataformat-yaml\2.17.2\jackson-dataformat-yaml-2.17.2.jar;C:\Users\vinay\.m2\repository\org\webjars\swagger-ui\5.17.14\swagger-ui-5.17.14.jar;C:\Users\vinay\.m2\repository\org\springframework\boot\spring-boot-devtools\3.3.2\spring-boot-devtools-3.3.2.jar;C:\Users\vinay\.m2\repository\org\springframework\boot\spring-boot\3.3.2\spring-boot-3.3.2.jar;C:\Users\vinay\.m2\repository\org\springframework\boot\spring-boot-autoconfigure\3.3.2\spring-boot-autoconfigure-3.3.2.jar;C:\Users\vinay\.m2\repository\jakarta\xml\bind\jakarta.xml.bind-api\4.0.2\jakarta.xml.bind-api-4.0.2.jar;C:\Users\vinay\.m2\repository\jakarta\activation\jakarta.activation-api\2.1.3\jakarta.activation-api-2.1.3.jar;C:\Users\vinay\.m2\repository\org\springframework\spring-core\6.1.11\spring-core-6.1.11.jar;C:\Users\vinay\.m2\repository\org\springframework\spring-jcl\6.1.11\spring-jcl-6.1.11.jar;C:\Users\vinay\.m2\repository\org\springframework\security\spring-security-core\6.3.1\spring-security-core-6.3.1.jar;C:\Users\vinay\.m2\repository\org\springframework\security\spring-security-crypto\6.3.1\spring-security-crypto-6.3.1.jar
Launcher Type: SUN_STANDARD

[Global flags]
     intx CICompilerCount                          = 12                                        {product} {ergonomic}
     uint ConcGCThreads                            = 3                                         {product} {ergonomic}
     uint G1ConcRefinementThreads                  = 13                                        {product} {ergonomic}
   size_t G1HeapRegionSize                         = 1048576                                   {product} {ergonomic}
    uintx GCDrainStackTargetSize                   = 64                                        {product} {ergonomic}
   size_t InitialHeapSize                          = 121634816                                 {product} {ergonomic}
   size_t MarkStackSize                            = 4194304                                   {product} {ergonomic}
   size_t MaxHeapSize                              = 1931476992                                {product} {ergonomic}
   size_t MaxNewSize                               = 1158676480                                {product} {ergonomic}
   size_t MinHeapDeltaBytes                        = 1048576                                   {product} {ergonomic}
   size_t MinHeapSize                              = 8388608                                   {product} {ergonomic}
    uintx NonNMethodCodeHeapSize                   = 7602480                                {pd product} {ergonomic}
    uintx NonProfiledCodeHeapSize                  = 122027880                              {pd product} {ergonomic}
    uintx ProfiledCodeHeapSize                     = 122027880                              {pd product} {ergonomic}
    uintx ReservedCodeCacheSize                    = 251658240                              {pd product} {ergonomic}
     bool SegmentedCodeCache                       = true                                      {product} {ergonomic}
     bool ShowCodeDetailsInExceptionMessages       = true                                   {manageable} {command line}
   size_t SoftMaxHeapSize                          = 1931476992                             {manageable} {ergonomic}
     bool UseCompressedOops                        = true                           {product lp64_product} {ergonomic}
     bool UseG1GC                                  = true                                      {product} {ergonomic}
     bool UseLargePagesIndividualAllocation        = false                                  {pd product} {ergonomic}

Logging:
Log output configuration:
 #0: stdout all=warning uptime,level,tags foldmultilines=false
 #1: stderr all=off uptime,level,tags foldmultilines=false

Environment Variables:
PATH=C:\TOOLSGRADLE\gradle-8.13\bin;C:\Program Files\Common Files\Oracle\Java\javapath;C:\Windows\system32;C:\Windows;C:\Windows\System32\Wbem;C:\Windows\System32\WindowsPowerShell\v1.0\;C:\Windows\System32\OpenSSH\;C:\Program Files (x86)\NVIDIA Corporation\PhysX\Common;C:\MinGW\bin;C:\Program Files\NVIDIA Corporation\NVIDIA app\NvDLISR;C:\Program Files\Git\cmd;C:\WINDOWS\system32;C:\WINDOWS;C:\WINDOWS\System32\Wbem;C:\WINDOWS\System32\WindowsPowerShell\v1.0\;C:\WINDOWS\System32\OpenSSH\;C:\Users\vinay\Downloads\apache-maven-3.9.9-bin\apache-maven-3.9.9\bin;C:\Program Files\nodejs\;C:\MangoDB SHELL (Mangosh)\mongosh-2.5.1-win32-x64\bin;C:\MANGO-DB-CommunitySErver\bin;C:\Users\vinay\AppData\Local\agy\bin;C:\Program Files\MySQL\MySQL Shell 8.0\bin\;C:\Users\vinay\AppData\Local\Programs\Python\Python312\Scripts\;C:\Users\vinay\AppData\Local\Programs\Python\Python312\;C:\Program Files\Java\jdk-21\bin;C:\Users\vinay\Desktop\intelligent\IntelliJ IDEA Community Edition 2024.1.1\bin;C:\ProgramData\Microsoft\Windows\Start Menu\Programs\MySQL\MySQL Server 8.0;C:\Users\vinay;;C:\MinGW\bin;C:\Users\vinay\AppData\Local\Microsoft\WindowsApps;C:\Users\vinay\AppData\Local\Programs\Microsoft VS Code\bin;C:\Users\vinay\AppData\Local\Programs\cursor\resources\app\bin;C:\Users\vinay\AppData\Roaming\npm;C:\Users\vinay\AppData\Local\Programs\Antigravity\bin;C:\Users\vinay\AppData\Local\Programs\IBM Bob\bin;C:\Users\vinay\AppData\Local\Programs\Ollama;C:\Users\vinay\.local\bin;C:\Users\vinay\AppData\Local\Programs\Antigravity IDE\bin
USERNAME=vinay
OS=Windows_NT
PROCESSOR_IDENTIFIER=AMD64 Family 25 Model 68 Stepping 1, AuthenticAMD
TMP=C:\Users\vinay\AppData\Local\Temp
TEMP=C:\Users\vinay\AppData\Local\Temp




Periodic native trim disabled

---------------  S Y S T E M  ---------------

OS:
 Windows 11 , 64 bit Build 26100 (10.0.26100.8521)
OS uptime: 0 days 14:32 hours
Hyper-V role detected

CPU: total 16 (initial active 16) (16 cores per cpu, 2 threads per core) family 25 model 68 stepping 1 microcode 0xa404107, cx8, cmov, fxsr, ht, mmx, 3dnowpref, sse, sse2, sse3, ssse3, sse4a, sse4.1, sse4.2, popcnt, lzcnt, tsc, tscinvbit, avx, avx2, aes, erms, clmul, bmi1, bmi2, adx, sha, fma, vzeroupper, clflush, clflushopt, hv, rdtscp, rdpid, fsrm, f16c, cet_ss
Processor Information for processor 0
  Max Mhz: 3201, Current Mhz: 2508, Mhz Limit: 3201
Processor Information for processor 1
  Max Mhz: 3201, Current Mhz: 2508, Mhz Limit: 3201
Processor Information for processor 2
  Max Mhz: 3201, Current Mhz: 2508, Mhz Limit: 3201
Processor Information for processor 3
  Max Mhz: 3201, Current Mhz: 2508, Mhz Limit: 3201
Processor Information for processor 4
  Max Mhz: 3201, Current Mhz: 2508, Mhz Limit: 3201
Processor Information for processor 5
  Max Mhz: 3201, Current Mhz: 2508, Mhz Limit: 3201
Processor Information for processor 6
  Max Mhz: 3201, Current Mhz: 2508, Mhz Limit: 3201
Processor Information for processor 7
  Max Mhz: 3201, Current Mhz: 2508, Mhz Limit: 3201
Processor Information for processor 8
  Max Mhz: 3201, Current Mhz: 3201, Mhz Limit: 3201
Processor Information for processor 9
  Max Mhz: 3201, Current Mhz: 2508, Mhz Limit: 3201
Processor Information for processor 10
  Max Mhz: 3201, Current Mhz: 2508, Mhz Limit: 3201
Processor Information for processor 11
  Max Mhz: 3201, Current Mhz: 2508, Mhz Limit: 3201
Processor Information for processor 12
  Max Mhz: 3201, Current Mhz: 2508, Mhz Limit: 3201
Processor Information for processor 13
  Max Mhz: 3201, Current Mhz: 2508, Mhz Limit: 3201
Processor Information for processor 14
  Max Mhz: 3201, Current Mhz: 2508, Mhz Limit: 3201
Processor Information for processor 15
  Max Mhz: 3201, Current Mhz: 2508, Mhz Limit: 3201

Memory: 4k page, system-wide physical 7365M (819M free)
TotalPageFile size 29893M (AvailPageFile size 3M)
current process WorkingSet (physical memory assigned to process): 84M, peak: 586M
current process commit charge ("private bytes"): 736M, peak: 780M

vm_info: Java HotSpot(TM) 64-Bit Server VM (21.0.3+7-LTS-152) for windows-amd64 JRE (21.0.3+7-LTS-152), built on 2024-03-11T17:42:26Z by "mach5one" with MS VC++ 17.6 (VS2022)

END.
